rocky_id,x,y,z,nx,ny,nz,angle
1,0.07678294493488039,-0.013821839415914436,0.06454302344918272,0.9743517319686873,-0.0,0.22503044773901007,1.363040482183895
2,0.07195332502216682,0.021097944904925902,0.13427673741654023,-0.15230465040147612,0.0,0.9883335942211436,2.2553797193090666
3,0.020043046308642367,-0.019020161289653965,0.17260133460783134,0.9666777860447532,-0.0,0.2559962069398971,2.804472517099087
4,0.056370279550404905,0.006439042904438593,0.01378691329982892,-0.9769028577180382,0.0,0.21368389406394342,2.02062370571102
5,0.061601338517213035,0.024478506574997727,0.03208093754111065,0.7555205991017349,-0.0,0.6551248921640481,1.2500144680732341
6,0.07814914508490069,-0.023960782794155186,0.09376930015447478,0.9973144098847178,0.0,-0.07323911411463994,1.4104346172108597
7,0.041096224398121856,-0.02365347028279977,0.04642988859063486,-0.14800352265165884,0.0,0.9889868337256568,0.7627067221901617
8,0.038361773901881877,-0.011280955359864307,0.18768248224457382,0.5719649911338319,-0.0,0.8202780314730339,3.0133798704956902
9,0.039039346247187544,0.014287592587745371,0.16965837605616532,0.5078995679313206,-0.0,0.8614162924481855,1.4191096730170587
10,0.06751528690754559,0.022451044501960712,0.006867309408337462,-0.9743923991518787,0.0,0.22485429165360835,2.7039000825469626
11,0.024708265081951734,-0.0027763598587043667,0.10611933344629028,0.03305031591621168,-0.0,0.9994536890811092,2.279179650004499
12,0.018304351131678904,-0.01410120381220017,0.06878598845504408,0.9773000995218917,0.0,-0.21185965985647393,1.5628348898849087
13,0.018067014781829628,0.019094464743704766,0.1268758392116563,-0.9741867059136187,0.0,0.2257437973038744,1.1622128344853724
14,0.057175256457366166,-0.021204214813139395,0.18947668341013651,-0.992194238737862,0.0,-0.12470201528200807,0.9892993711991627
15,0.04236177532414051,-0.01132695181115755,0.047904386232509456,-0.9632384445139616,0.0,-0.2686479090004679,2.2864022663062156
16,0.1008808417625285,-0.018858905834745508,0.009928083123482352,-0.5166632249249677,0.0,0.8561887128490612,2.242825924063556
17,0.022100537137529117,0.007078702474398776,0.0638685153928111,0.8464786255795488,-0.0,0.5324227046595197,2.478372753331304
18,0.024647216798602878,0.026032430901296838,0.04159540085432917,-0.4821015669070942,0.0,-0.8761153344085039,1.9626088109543862
19,0.06745664490658454,-0.021601887259035946,0.18846255206198292,0.17799559243598956,-0.0,0.9840312846009324,0.82674499552702
20,0.058113486580101154,-0.02361568462296735,0.11105470783457633,0.7521745839368326,0.0,-0.6589638801022807,0.6540960783646806
21,0.03380793104069211,0.011081135554398826,0.14448757654042466,-0.8059843238285883,0.0,-0.5919368798635318,1.4056000407361096
22,0.07319904467664087,0.0021841438708816116,0.021173189941415753,0.3935657576365092,-0.0,0.9192964670964425,2.1083279898104124
23,0.014359357447439122,0.005140674506924637,0.10073805752454382,0.36034351698600436,0.0,-0.9328196769827259,2.101135278158615
24,0.024919722066143613,0.01990154018442146,0.17736229259017447,0.03855318547557368,-0.0,0.9992565495855836,2.2135726000231175
25,0.017496572158574048,-0.0001817468086895715,0.06362344286657454,0.9352051033071112,-0.0,0.35410650198539895,0.948346464387809
26,0.04971064825874575,0.007774226159256625,0.19140351892975216,-0.9565297732566219,0.0,-0.2916346907924971,1.3812085874230735
27,0.05326189128728174,9.772542245289739e-05,0.02570356452146455,-0.9996528227517683,0.0,0.02634831995444379,1.8139745690380369
28,0.024720430499784167,0.022349155474966364,0.1603147226186435,0.45508006455332134,-0.0,0.8904505235251113,1.5071810337035119
29,0.06755786196744623,0.017794915747571638,0.012688402661468595,0.4945782496087419,0.0,-0.8691331054642627,1.5594861772428616
30,0.06379575475433572,0.013394011717851024,0.1357643246567163,-0.8179942062510795,0.0,0.5752264584836709,1.7680788840602826
31,0.07838391635922128,0.024279500039645244,0.06368648562729042,-0.9474484613411743,0.0,0.319908444874844,1.3107530937544631
32,0.013491790306722711,0.005308074274939035,0.09276360443124104,-0.929306838822804,0.0,0.36930854216652925,0.2785882484053948
33,0.046012865603235364,0.011301236256144721,0.1909823661455036,-0.33520802760205987,0.0,0.9421441387766187,1.5785078963599992
34,0.04480685886147783,0.021148624780314387,0.11192640337933166,-0.9916551946854021,0.0,-0.12891848142705223,2.886534006929497
35,0.0449087673558562,0.02816607368310196,0.014011149453127916,-0.23572510268400698,0.0,0.9718197754545924,1.5705636159388998
36,0.07047741172468475,0.008031156625918075,0.1524167112965746,-0.5928123976601928,0.0,0.8053405870688335,1.4794019337391675
37,0.005585641712405386,-0.003004566830167937,0.09344488888895632,0.7836583770456679,0.0,-0.6211920380093018,1.0039561699441988
38,0.03797297096842664,0.0034224859988264147,0.16859780968111404,0.9997836332449265,-0.0,0.020801122459478183,1.1699579462521483
39,0.048956431973521425,-0.0021730621758074805,0.08890517226820263,-0.7823913477306661,0.0,-0.6227871056759219,1.8624881673654694
40,0.05221426407085139,0.024302706286952108,0.18245376359071755,-0.9971435254352176,0.0,0.07553005813995857,1.1262287534791267
41,0.02677985601908882,-0.007664601555116805,0.07081504226907404,-0.49757887330678435,0.0,0.8674187367348892,1.7686356747954977
42,0.038844371028437685,-0.010790378380580369,0.053675321380091616,-0.13441225862027728,0.0,-0.9909254990828501,1.5504859541920535
43,0.06029479768400688,-0.002100388174551654,0.16881823852617486,0.1450521209568087,-0.0,0.989424015377599,1.5149604584709029
44,0.030734927312217983,-0.014752367165410537,0.093701010414542,-0.7811407033014135,0.0,-0.6243550285260566,0.7763605243275086
45,0.06534526120697999,-0.01924821050052161,0.11741382258330316,0.5644098463083819,0.0,-0.8254947155434423,1.368943675865953
46,0.06012069732832974,-0.018650913114133423,0.1821031110861636,-0.9977822556379919,0.0,-0.06656252950392347,1.6858839710755018
47,0.019515537831828588,-8.330144573617714e-05,0.13592850967006842,-0.3758976420512283,0.0,0.9266611908892735,2.239558723481311
48,0.03712164528614066,0.0031958895580758663,0.05907973306322968,-0.8553093863204639,0.0,0.518117606024068,0.7849947165466135
49,0.03149371291148755,-0.018495329374725714,0.11668659754945623,0.983720940979901,0.0,-0.1797028388134649,0.9969363445432351
50,0.07247747546230822,-0.021238548353564608,0.07312580409492488,-0.6727074346354206,0.0,-0.7399085804247924,2.263086481699768
51,0.030011873186648965,-0.011106048890166392,0.0257611589461743,-0.9997004767027811,0.0,-0.024473595572215314,1.3382576894640061
52,0.04027476180526787,0.011296061975002243,0.16179567223278712,0.9599408669040899,-0.0,0.28020266245598807,1.23561019349837
53,0.07361140246615641,0.0031321621975345356,0.15792914818809878,0.8245776421223856,-0.0,0.5657488065492379,1.904934083726399
54,0.02298381613589494,0.004459831880413476,0.1853941839324991,-0.9999848023202699,0.0,0.005513177712630822,2.6001773650211413
55,0.07433490973634159,0.001137240134302411,0.018485980567096383,0.25152643050428813,0.0,-0.9678504299517419,1.1398319260271708
56,0.07681292367961721,0.018124212983425446,0.0481299101517557,-0.7741620192803202,0.0,0.632987494271267,2.2093866385689434
57,0.05704741980480287,-0.018964823539888466,0.16334644867275205,0.4327782616167422,0.0,-0.9015004028129942,2.310000745320624
58,0.011876273209086874,-0.006499886317220432,0.1049919422822776,0.7985968019991032,0.0,-0.6018663870302156,2.1112706079883656
59,0.07616510166532531,0.014803258284579332,0.014339219914244953,-0.8179547920426311,0.0,0.5752825029274714,1.1508722084704588
60,0.12399837190514854,-0.021342360191107912,0.005122155010577634,-0.7169486796901559,0.0,-0.6971259503780808,2.846543138732087
61,0.01721079479970207,-0.013942361991814476,0.12383151058439351,-0.3418136305720608,0.0,0.9397677595848598,2.22521010821211
62,0.036783144222426255,-0.021463176493779525,0.030838556470579048,-0.7834258938887281,0.0,0.6214852120401958,1.2222395017367473
63,0.05385332799916741,0.016913380482026518,0.13030740713636943,-0.9525566319436359,0.0,0.30436140185673394,2.9175397743660105
64,0.02609429772320667,-0.004944332336089412,0.045946625953926304,-0.9883360099961063,0.0,-0.152288973156222,1.994315026828215
65,0.071571269920661,-0.014077904460080198,0.12219286191721375,0.8434651951184683,0.0,-0.5371838275895547,2.580280510093052
66,0.012559355849897395,0.01635554125431327,0.11226590978177127,-0.654745550748302,0.0,-0.7558493657967192,2.5782871490365173
67,0.009846651444216812,0.021773735028003408,0.1440397769333439,-0.5968628363950579,0.0,-0.8023432897023857,1.390729780608851
68,0.03316503966825802,-0.006017533709739328,0.013503952708584784,0.5330398981891354,-0.0,0.8460901056852729,1.836025663828675
69,0.010657060975117767,0.018918535900748205,0.13666782406054895,0.442057792617424,-0.0,0.8969865706833133,2.6427499725943306
70,0.1254653992655894,0.00012433093261619098,0.00869517466396227,0.9011740500691588,0.0,-0.43345741599602267,1.6941716852114441
71,0.01271204501150721,-0.02734398424361813,0.12319316225355277,-0.9858635161507763,0.0,0.16755037309068585,1.4019728038734829
72,0.050378594451571945,0.002650774756726391,0.11499819098009643,0.7899612025318348,-0.0,0.6131568302599731,2.8998198276896283
73,0.0645042354025462,0.0034828482932867093,0.1623803686669333,-0.26791347853701714,0.0,0.9634429760075036,2.882377871860721
74,0.02386894709779408,0.0026553348712227013,0.1852841392319399,-0.685487518439672,0.0,0.7280843783954029,2.07647173574747
75,0.04897783463043698,0.019351962491974555,0.10734185250735513,-0.581795657673657,0.0,-0.8133349941519035,1.309810491680494
76,0.05604334851680377,0.01656216371709867,0.18530864550467005,0.20327048660916297,0.0,-0.9791226221846139,1.222151620474067
77,0.07041690886222246,0.011450194242799097,0.0667569910910968,0.5026014720941646,0.0,-0.8645182243589656,2.1128181530520544
78,0.05291447934424305,0.0261034171271816,0.032700200123325265,-0.8876440747902479,0.0,-0.4605301254964379,1.6430353283958383
79,0.010393699541273647,-0.00911548639994587,0.06438296887110845,-0.7863001096869247,0.0,-0.6178447519452847,2.2501182763661958
80,0.04545527394359784,-0.02372663965274263,0.078187607607452,-0.4935559558913427,0.0,0.8697140440421686,1.904449300828738
81,0.06525826547303254,0.018812489234254274,0.12299019791762325,-0.11763673523240473,0.0,-0.9930566945164113,2.4104117168764176
82,0.042174008260068965,-0.0015549020618327188,0.11499914785159664,0.023886372947416745,0.0,-0.9997146798899258,1.917551855549572
83,0.044353496981010807,0.002945706024783403,0.045089041745165606,-0.49956884291647385,0.0,-0.8662741893806462,2.235003279881329
84,0.021731477533714672,-0.004191695258304545,0.021194562886824357,0.09633335111404207,-0.0,0.995349127423709,1.708259677642017
85,0.07313205895265665,0.019117290138107767,0.14333904211441592,-0.6202817297436646,0.0,-0.7843791020585692,2.02443333808104
86,0.061076342566817134,-0.01880842946176354,0.13824242443754936,-0.3907796429888626,0.0,-0.920484258760299,1.1240006670161524
87,0.0063029608551207605,0.007416344371573,0.08398874036835048,0.6702664126812632,-0.0,0.7421205670451337,0.9564690760764117
88,0.07703655655120697,-0.016814372627512772,0.17086682512274481,-0.9143917401759422,0.0,0.40483051453418395,1.2820855044758503
89,0.02418123497547209,-0.008842135305127645,0.014354335598378414,-0.07588637429967467,0.0,0.9971164717301835,2.3248844994636513
90,0.022400586986133418,0.015561447644136117,0.07024004454722617,-0.8225270473244252,0.0,0.568725994148116,1.6029922560206051
91,0.01948361622659438,-0.022237147375249032,0.06523416612550097,0.9281744223797567,0.0,-0.3721454576372054,2.2310412105821347
92,0.04385879870865575,-0.006317409600528446,0.07547172350095524,0.9701581077907064,0.0,-0.24247318591538305,1.7449850765802775
93,0.0541526327099313,-0.022007787976803465,0.024166604586177885,0.9808061336984536,-0.0,0.1949854561229922,1.4142862490749737
94,0.03357476550823566,-0.010929612162560389,0.07276533163927514,-0.2501158069787889,0.0,-0.968215927931032,1.3995291309043252
95,0.03630355789460201,0.027227094489321382,0.04092110081886458,-0.3506653994121785,0.0,0.9365008156190241,1.822185452392693
96,0.01258274162630271,0.010487124580569399,0.16403921132864882,0.8076524401782479,-0.0,0.5896588300654217,2.8812331966290854
97,0.012278226725716785,-0.0014491364524777408,0.14508822272603814,-0.13897900142123573,0.0,-0.9902953282551403,0.979597322483586
98,0.029006400383376166,-0.012426602498330006,0.06987532713164239,0.30794196363489873,0.0,-0.9514051434760497,0.9390149954239162
99,0.030124514814825396,0.012985806368591849,0.018789675479668904,-0.7676259230922534,0.0,0.6408981527487545,1.5719571929638247
100,0.03151040709549238,0.016827165777017112,0.026560170464517256,-0.6193476573275031,0.0,-0.7851168571384349,1.3407938393340089
101,0.05646744048608336,-0.016904900733810437,0.10202426967813734,0.5240134575775578,-0.0,0.8517099836667484,0.2842893367392879
102,0.05329226523363081,0.026406266649559827,0.06945064969002311,0.8369920788731663,-0.0,0.5472150033611792,1.9219962108651976
103,0.03944389349052995,0.005222977330348156,0.002942660178526344,-0.16483385303241074,0.0,0.986321347682635,2.4722392671811972
104,0.10403502804331739,0.016727578569143413,0.007249720301362447,0.904137198410134,-0.0,0.42724223392716487,0.09455540843790876
105,0.06293543673729494,0.006787966107643815,0.19315895056125687,0.931258257852769,-0.0,0.3643597908400784,2.2325121052628067
106,0.06349804386313235,-0.0265005067255602,0.009131217794901097,0.880870631570281,0.0,-0.473357085546392,1.9448243339856846
107,0.05537144031900661,-0.006448683939697529,0.12689639147815504,0.620055289795539,0.0,-0.784558116137084,1.6775381678329222
108,0.03206839938052506,-0.012450956503477087,0.034494871825960234,-0.6825179051476102,0.0,0.7308688727486742,1.138399391933433
109,0.04743476394360489,0.003387827279799027,0.1906238697778189,0.8764432718696913,0.0,-0.4815051310156004,1.5958812002588847
110,0.025295246999050655,-0.005606867709509934,0.0789633127470664,0.37507699971388825,0.0,-0.9269936592478009,1.2830845478684416
111,0.05968437693500039,0.016958468562421416,0.17253809565268158,-0.6551265862664885,0.0,0.7555191301130749,1.0280508791413419
112,0.014153932236378666,-0.01301451953060003,0.013705203686969486,-0.6709313847032652,0.0,0.7415194380595557,1.2363382349728398
113,0.07495856854482046,-0.012203229409095864,0.018442823757549548,0.7178639841440715,-0.0,0.6961833812069923,0.3792626288904059
114,0.05217546686183138,0.002161632112380674,0.1834374701376644,-0.3812778905876747,0.0,-0.9244604751686322,0.26941280459478134
115,0.05638188809243019,-0.004465860183607041,0.011562915460900443,0.6632897592482184,-0.0,0.7483626762983577,2.3207991146870444
116,0.03482769617615578,0.020288813096434353,0.16927637445521343,-0.5493010218426869,0.0,0.835624549305835,1.4401124272854253
117,0.07385708409937597,0.008194465873321594,0.09444237169917993,0.9063699726176535,0.0,-0.4224848787081901,1.6002223160514355
118,0.04847073173231247,0.009797237931322431,0.12292272573034206,-0.6650554320668782,0.0,-0.7467939958772687,1.1912139976192075
119,0.0048346293994436735,0.003502505814565862,0.022868494541394564,-0.9627114186020665,0.0,-0.27053045021438266,2.1015439149589334
120,0.026129925258651248,0.021703567414331576,0.13522353952196614,0.999130034725396,-0.0,0.041703401655368386,1.6122835350043825
121,0.07241160648555943,-0.020811260904547914,0.1320881502187388,-0.15653148306203218,0.0,-0.9876729695655343,1.012654969534354
122,0.061675711189538136,0.019060295162322362,0.16238908606412844,-0.7368145554306675,0.0,0.6760948978549594,0.12071046519896776
123,0.015516317071012272,0.014474561256717358,0.05441668541810032,-0.6287892909983304,0.0,0.7775757374853057,1.8573581035337605
124,0.012221136089063256,-0.02310184018204584,0.05262314178764742,0.7488668298659725,0.0,-0.6627205075493655,1.5397237492263325
125,0.05364376751448683,0.011051899088307723,0.023123019550981515,0.3080649369938969,0.0,-0.9513653318231364,2.5707660018742886
126,0.06632141980601423,0.00046268755703069336,0.12277697716311534,-0.9975070042589712,0.0,0.07056753116195075,0.8290889460830189
127,0.047015362893666396,0.010159642304638651,0.08855834973401368,-0.736627826531837,0.0,0.6762983403639119,2.0563495957063185
128,0.04727489317346481,-0.014451980227338639,0.010431148690199562,0.3151839783221875,-0.0,0.949030589501202,1.1180019416212088
129,0.008040016737245127,0.02397424926117818,0.029591497244142836,-0.9254269250558503,0.0,-0.37892612259076797,0.7616889568963676
130,0.03190336730715311,-0.01162615811867416,0.1711510238426158,0.7469978445795957,0.0,-0.6648264587044035,2.5562150954784295
131,0.04279050001415844,-0.002109351864517036,0.19412721236899988,0.20811073710954894,0.0,-0.9781052709702164,1.134953668753843
132,0.09416497592989505,-0.00936543808630676,0.014394322543876008,0.45354099359183686,-0.0,0.8912354162238669,2.6447069827932537
133,0.04204747302049704,-0.021801500625697863,0.02872602115469256,-0.999971721104056,0.0,-0.007520438297877781,1.0434894426967782
134,0.026565915645549346,0.011997079425393718,0.08397816203926538,0.24242461654359693,-0.0,0.9701702455206973,1.6187637550754932
135,0.010925629791339814,0.028546625043332687,0.12606645845295705,-0.7221003747616596,0.0,0.6917882976525916,1.6257585084456154
136,0.03133988653235383,0.014464820095832644,0.18027647109873857,-0.7260527189536403,0.0,0.6876390399766626,1.9139134503199526
137,0.012516916905250496,-0.012937555691780083,0.10121391809019287,0.15680231441850306,-0.0,0.9876300087547972,1.0035957408737364
138,0.03404595881030459,-0.017248916426305917,0.07740074835961117,-0.9698903320297007,0.0,0.2435420781616948,0.45321808041045797
139,0.004276892025654077,0.01646716167147918,0.1596572814313718,0.9990253260173102,-0.0,0.04414066125475578,2.768222447432275
140,0.07330760365966009,-0.02221628717725898,0.15712728929011063,0.2726107778829172,-0.0,0.9621244014066324,0.9300923229205291
141,0.04550492052164236,-0.021610059554100593,0.03933933073080614,0.8563241439413094,-0.0,0.5164387287018504,2.5379218958316128
142,0.08033580435349257,0.007015956868074846,0.17473005900271224,0.11689980010256001,-0.0,0.993143714039404,2.78727829607293
143,0.06268175421534913,0.024185143513431165,0.17602245811346084,0.6771001624298192,0.0,-0.7358908682933308,1.2276100936438499
144,0.04466544174985099,0.005419093749329548,0.06924796894311327,0.34319645640700175,-0.0,0.9392636436643744,1.904177533013955
145,0.02389368074282005,-0.010960123207383633,0.06495100654823492,0.9785169829381041,0.0,-0.20616622929497963,2.7143625200414707
146,0.013779151700611418,0.023189449154089464,0.14039956269895887,-0.37575090139436945,0.0,-0.9267207023161396,1.6352754179708695
147,0.04788923896182344,0.018199346153331932,0.0820314340104444,-0.20913870324451445,0.0,0.9778859866084609,1.3458361929087919
148,0.0057675161430193085,0.015835198642868253,0.16828406193569048,-0.9018161567774993,0.0,-0.4321199131896849,1.9053743223408115
149,0.04152095388930051,0.026052096127690126,0.12396506963488622,-0.2639104036191855,0.0,-0.9645471988770474,1.3507690601547218
150,0.05808813947439592,0.004474307959028735,0.18195556238737343,-0.307318823608628,0.0,-0.951606610241758,0.6202221257478814
151,0.013380395449361922,-0.01011420092848903,0.17971164149968782,-0.745651954572994,0.0,-0.6663356231220673,0.9308034900350516
152,0.017236040725262105,0.013268854256195893,0.08295079447921573,0.9955685518810886,-0.0,0.09403860114544502,1.1062551094382194
153,0.12199848187382928,-0.00263937026484902,0.004277578310156514,0.16197907819278654,0.0,-0.9867941924372149,1.8307299072535206
154,0.11523261995064807,-0.002656030501575945,0.009329313324108428,-0.9360316389803303,0.0,-0.3519158575963816,1.69781443996927
155,0.03083029874409376,-0.020247203385983528,0.04779097962076023,0.9899751047104849,-0.0,0.14124196279245257,1.1615679474570513
156,0.06564015580401898,-0.0021575784300146275,0.10136489501173544,-0.9655356931624839,0.0,0.26027067685246796,1.2205686294499536
157,0.01846578758726503,0.02267132538997937,0.12662447622301298,0.36180109482803874,-0.0,0.9322553125518956,1.2368612681783862
158,0.008583074559182462,-0.013538106971669116,0.1366396832211963,0.9708363737269586,0.0,-0.23974306131500278,1.132507005731193
159,0.010580467031982909,-0.019422411749718843,0.012249159463110957,0.36908958498739014,0.0,-0.9293938230125248,2.28347509640149
160,0.027148164147219787,-0.01932830309436094,0.1926083571327219,0.8183525007911584,-0.0,0.5747166122958837,1.559247738567972
161,0.011529066634399442,0.015583272348662447,0.19102773608283627,-0.5103297596004123,0.0,0.8599788000097359,2.3185506530810134
162,0.014785274779676538,0.019243695010133538,0.10293361724519444,-0.14696337992472633,0.0,0.9891419336784284,2.378540295503438
163,0.022309088753250734,-0.021505600287415865,0.10645922655713007,0.7235599608465216,0.0,-0.690261532362756,0.1984805879569154
164,0.0576844892504605,0.02076568357839666,0.13639669183959316,0.3176268259470585,-0.0,0.9482157979272424,1.8153724603793686
165,0.028529507812381633,0.00753554415334604,0.06998835883685676,-0.9996618809980793,0.0,-0.02600237834087066,0.6793669044561813
166,0.023511602137768317,-0.020296441431259516,0.08400745003067896,-0.4173893103086753,0.0,-0.9087277720197884,0.8002179033050849
167,0.0535243330323127,0.00716237302983729,0.12535438932927181,-0.2858456968644836,0.0,0.958275658453275,0.6820320678235443
168,0.06860166071155001,0.01072014195789853,0.03942887342086136,-0.7083882467097842,0.0,0.7058229890868091,0.6534385445347802
169,0.06221631136503107,-0.0030087648474358907,0.04283070405274373,0.550506184422502,-0.0,0.8348310852577174,1.6638423567458414
170,0.044599837348161635,0.022321718963982305,0.19420598650148127,0.6289914415431657,0.0,-0.7774122242835202,2.528724040975626
171,0.013086240767257729,0.02143993834431536,0.07786637946534063,0.9449434085178338,-0.0,0.32723379211001163,0.8820211107744829
172,0.07533371542164488,0.0147519145294643,0.056990397770546444,-0.015128866410539416,0.0,-0.999885552151411,1.6908016125704348
173,0.024763229251373562,0.005719000613052589,0.1769849077690185,0.5513474911873621,-0.0,0.8342757002103092,1.1610770784178017
174,0.044012301595529664,-0.015168503767114427,0.1592223071969694,0.09623156497555099,0.0,-0.9953589733871676,2.7577787517674066
175,0.029064770001154663,-0.009440808289536988,0.12521885545852157,-0.98738587199025,0.0,0.1583323712765449,1.891320330313535
176,0.013825435289418242,0.01573260650455281,0.17866845884824134,-0.8937725018648655,0.0,-0.4485205847118046,1.579716791660155
177,0.07485335510160289,-0.02180809867457902,0.1314526904033924,0.4684652882724339,-0.0,0.88348190342747,2.407490609551957
178,0.045315839598194955,0.001793537323573101,0.17966039478567053,-0.9996552413989163,0.0,0.02625639624309512,2.921861393155471
179,0.012571359201206788,0.005062179449697321,0.04995301517512143,-0.9116332371447484,0.0,-0.4110046726413056,2.433803761865354
180,0.04563292877390891,0.021500304745431957,0.14404309303402882,-0.6307658736867031,0.0,-0.7759732035271901,1.5835041892830914
181,0.03335519169451146,-0.013823409993714793,0.08407627326084495,0.7224047167395659,-0.0,0.6914704803767311,2.358912478419941
182,0.07308849236916064,-0.005863227211977641,0.003839676995587498,0.23719270030955036,0.0,-0.9714626204439695,2.4448457110227664
183,0.04258481534259076,-0.023693131861662373,0.17179984111713276,-0.185561545669552,0.0,0.9826326438546232,1.802292394654531
184,0.04685079265342489,0.01551391443532914,0.027948895716612233,0.38333783684434053,0.0,-0.9236081976918036,2.1185640195747837
185,0.04856685387427511,0.007221002048799765,0.06597200464488831,-0.30619637403206934,0.0,-0.9519683716015008,1.22853223130786
186,0.019415243629248277,0.0159467888143741,0.09942941670582045,-0.316346204328415,0.0,0.9486438103982994,1.0779585884244982
187,0.07540761209598018,0.011194954605224718,0.07027618090393839,-0.8378612776347361,0.0,-0.5458832104400059,2.628850360459462
188,0.052641085929794974,-0.01386794157578087,0.03560473596527839,0.3543840308444654,-0.0,0.9350999725603829,0.6691846112799277
189,0.009324677249568999,-0.008120157969651827,0.12561751369433738,0.18604701749776575,-0.0,0.9825408425506729,0.8380566400631575
190,0.030909826929996605,-0.007613259141039529,0.1916950755006678,0.8967969549698078,-0.0,0.44244233698514945,1.4723550770074523
191,0.06556222242630687,-0.02875855100931455,0.055024588350343843,0.9843566872649792,0.0,-0.1761871511680572,1.6043299052865232
192,0.028614088403995933,0.023713341246229612,0.126619943320407,-0.5248690270186164,0.0,0.8511830029297642,2.4001330705366697
193,0.011016648201659155,0.008058017347146266,0.16066620329669437,-0.3472126937969631,0.0,-0.9377864070598679,1.2093386218290072
194,0.043778817981570364,-0.014077290376561673,0.08017499346444597,-0.06499853700502263,0.0,-0.9978853592408332,1.259863323964833
195,0.011124760455374916,-0.011136253481729598,0.10861640255584006,0.7738503724143836,0.0,-0.6333684560460203,0.19088618093750107
196,0.03880523180671008,-0.024653062277309356,0.15214297141309227,0.9868819720603647,-0.0,0.1614434056325803,2.0395787380840114
197,0.02476932845393169,-0.009279625022208887,0.1899924030999059,0.845730038367302,-0.0,0.5336110027006957,0.41018318594960196
198,0.06304529658182324,0.013900525242970349,0.09434310625374259,-0.5890886587377663,0.0,0.8080684080859364,1.6982759743112446
199,0.02335076866022088,0.014355007489195746,0.032455129283564726,-0.5365272586946075,0.0,0.8438829899207886,0.8115803565089409
200,0.06123926491072828,-0.019296448451014338,0.07985384726625808,0.8713661742902925,0.0,-0.4906332543791743,1.2261271110062184
201,0.07338167508478054,-0.014923756512466928,0.0685532099335775,-0.9582566697301291,0.0,0.28590934737731494,1.0599639840223598
202,0.0473045314772431,-0.0027611798683864573,0.033120849145950655,0.5436255978561143,0.0,-0.8393278318723754,2.7178534003042767
203,0.013004239280099271,-0.019190432451632985,0.04681852721397438,0.4573670804412658,-0.0,0.8892779957519654,0.6026813760453693
204,0.03968311957791455,-0.012704768524980915,0.0889084868614188,0.984207581539951,-0.0,0.17701818109810266,1.5710257417972473
205,0.013472682497011635,-0.015237873743066687,0.044800246954057994,-0.9987997897702122,0.0,0.048979382958341845,0.9702530155565255
206,0.07678007713583354,-0.00843763703609054,0.05367642651442349,0.11145899342695026,-0.0,0.9937690339229991,0.5087905434418586
207,0.07063824611535968,-0.016699535786520305,0.17156690366617203,-0.4627422945645092,0.0,0.8864928475860214,2.209965591193057
208,0.06480704904611043,-0.013208057901329581,0.1907243128844876,0.3571886789165034,0.0,-0.9340322519345267,0.9994741592442267
209,0.02570720883585083,-0.0007070545647069032,0.13628383976251468,0.9524410446566852,-0.0,0.3047229175058584,1.7153491741316595
210,0.052542607524184985,0.02452120047919687,0.16645724611931045,0.13164547036523916,0.0,-0.991296862767312,1.5637611368190425
211,0.033069479700286106,-0.020495485362764534,0.1613223910920324,-0.9730201965371537,0.0,-0.2307199539068933,1.7036195202547244
212,0.018952855710296354,0.004643444616447246,0.09218534864215937,0.09707449400350159,0.0,-0.9952771185021607,1.7923764057581546
213,0.041746431418310505,0.006058617903120946,0.10273504446523524,-0.999988658039034,0.0,0.0047627506014761515,1.1420253539315972
214,0.02477286185916395,-0.01680472367809917,0.1940084603780283,0.6006138946119363,0.0,-0.7995392107952441,1.412289374113149
215,0.016478184967022285,-0.006309228803182925,0.14976726420475903,-0.6508148905859981,0.0,0.7592364441934644,2.624354502891978
216,0.021441424326576437,-0.004411071980572678,0.06385469619207429,0.7621307500785819,-0.0,0.6474231381288887,2.21255733379913
217,0.029184650860741197,0.01717161502405765,0.11364896208979,-0.09673370882840578,0.0,0.9953102981363657,0.9333694064314892
218,0.042408724107031885,0.007093700195684993,0.1390383956088799,0.42976862111962677,-0.0,0.9029390523733783,1.1658450718220752
219,0.054964593773372386,0.006411683165658599,0.06960014773708553,-0.9425218450909736,0.0,-0.3341445368793376,2.8607447852376895
220,0.01901548941604666,-0.019399052501417578,0.055523464746077014,-0.21595312125890698,0.0,-0.9764037327962936,0.32316162934256115
221,0.0772608376139207,0.021409055717065355,0.02176664820946922,0.9105380410309456,0.0,-0.41342529655976323,2.124333645317355
222,0.06200307316243617,0.020345145508322674,0.142340779941946,0.569675409287982,-0.0,0.8218697756047305,1.3785903280600191
223,0.020517019619660584,-0.010126287889749466,0.184435697781349,0.5133967439401349,0.0,-0.8581513755227965,2.1612148444139407
224,0.07889215380591776,-0.0009920022044899554,0.046556478469248055,-0.9231676561820775,0.0,0.3843975527748447,1.5699427217069342
225,0.07094388330502364,0.019775175358756596,0.12929427406781846,0.07763361046959251,-0.0,0.9969819569708649,1.5649962658159293
226,0.0317488620992285,-0.01325584888090643,0.1126020610356619,-0.3463877924299396,0.0,-0.9380914119932626,0.08295183703613918
227,0.043075658142677956,-0.019181333791504867,0.13544103941809968,-0.19147468313899635,0.0,0.9814975525781106,0.8125963111335479
228,0.03115634464011955,-0.010359286911407882,0.10739300425418065,0.14081887466356677,-0.0,0.990035375397509,2.189986582168153
229,0.06063393956620354,-0.019713164662040355,0.07490694877489365,0.3255746419535018,0.0,-0.9455163417502889,1.7879325488997218
230,0.012626719791978944,0.013261805662665523,0.1166289652667399,-0.01756966646391982,0.0,0.9998456414968996,1.606667678639604
231,0.06734917476018543,0.021139793065969584,0.1783819075345035,-0.9471332082864469,0.0,0.32084059244587837,2.455134279263887
232,0.005723462346764947,0.013676017807717093,0.0900970985017822,0.8581423324465248,0.0,-0.5134118592935287,2.633475747486245
233,0.04525697314603689,0.009254121058588796,0.037118896055149196,-0.7029632666176552,0.0,0.7112261565678215,1.2559162758764362
234,0.08142762233537262,-0.0009521652729970468,0.13766567809224614,-0.9994800131113102,0.0,0.03224443193816865,1.837725353538058
235,0.11602440664366907,0.010582272500636505,0.015828497621586588,0.5159108871279928,-0.0,0.8566422570377947,0.38362063450104356
236,0.030407051192855947,0.004215250505756351,0.15676186269464473,-0.9820799005491863,0.0,-0.18846503372588827,1.4667029875034463
237,0.010017766765734012,-0.008635910257909121,0.06997333844896692,0.7291192098513292,-0.0,0.6843867165760694,0.6767858534747202
238,0.10349091002779012,-0.017573789376656757,0.004323887731459484,0.5803130842379106,0.0,-0.8143934701741435,0.6495675306472131
239,0.00906713391586727,0.025094834339465612,0.10689442284622067,-0.9942033495081409,0.0,0.10751604450868335,1.405397632358382
240,0.05233440561990491,0.019131930534069825,0.15567714523591922,0.5720739440530987,0.0,-0.8202020498240249,1.231761229672432
241,0.05550273723660368,0.019750231865144394,0.09138643887926685,-0.5757769689336091,0.0,0.8176068016140923,1.985484821155497
242,0.026007930277046513,-0.018218000022113726,0.15205647706955383,0.9000179878204393,0.0,-0.435852752199235,0.9663943089931059
243,0.03804918444784096,-0.019972127862550263,0.19141780822069718,0.9312418027045345,-0.0,0.36440184535154174,1.051330158589241
244,0.061884389787934625,0.0008034176181440719,0.01932772698210314,-0.42822292104548193,0.0,-0.9036731322172167,2.4613847123976584
245,0.062480308797302916,0.008842794694174715,0.16723730945421353,-0.9810620153356382,0.0,-0.19369388752765496,0.16705526756098274
246,0.062184934500939794,0.022211169329620983,0.14264060348339005,-0.24138162037828914,0.0,0.9704302722728467,2.3297828975338635
247,0.07488932457983961,0.004239963219826559,0.07109274225358718,-0.9488281052195711,0.0,0.31579301250255465,1.5523007888388003
248,0.05760107706610757,-0.02253999110997689,0.07584773251779763,0.9443138996573741,0.0,-0.32904598297788534,1.0928160378569272
249,0.01117260764896675,-0.023359353784678672,0.18983763400226564,0.829255521476802,0.0,-0.5588696449980416,1.3507206621440881
250,0.025061543584742232,-0.015508243431744322,0.10838719948936165,0.9696803773375253,-0.0,0.24437668834517456,2.6465217181907326
251,0.020313049419832505,-0.015892898902793974,0.038226822844968006,0.8895352428967379,0.0,-0.4568665578094346,0.026562866062318252
252,0.04921140505594207,-0.01403781380310035,0.15186874915019774,-0.16044142669570202,0.0,-0.9870453629898921,0.6151335872280574
253,0.036581853822175506,0.023075560859274955,0.0814548776448289,0.9819805509231141,0.0,-0.1889820033991004,0.9725265935756346
254,0.011582263232753421,0.024894377694810205,0.16695809001572962,-0.7901802956824532,0.0,-0.6128744572220243,1.282401378210833
255,0.07021573215344264,-0.00359940699725299,0.1139068701854167,-0.4957455578732041,0.0,0.8684678127881227,1.605618949230358
256,0.04809823504343595,0.01642214802786454,0.0636944955018534,0.9970820692494926,0.0,-0.07633706295863067,2.308245366043618
257,0.07242967497229856,-0.004511909716235507,0.1096917054139155,0.5590881784806849,-0.0,0.8291082008297529,2.234463634904441
258,0.036091783329726936,-0.02456945510300881,0.09577687916660713,-0.7939636933830162,0.0,0.6079651746519695,1.129328162002743
259,0.026686522007904088,0.004791488189658735,0.05105404715621549,0.21286152933740957,-0.0,0.9770823759172709,0.3788245688563237
260,0.05655873343311329,0.0068440409923569,0.1926560330073751,0.9996436582023248,-0.0,0.026693756121490577,0.8591123894610064
261,0.06639213451456158,0.02347579926522979,0.06257375463678079,0.4723416247555085,0.0,-0.8814155600642221,0.8004294878766904
262,0.0969327220728854,-0.009611862557146373,0.005836181272045791,0.9923397980233591,0.0,-0.12353835541627861,0.22156867297604613
263,0.10056668188069201,0.022040384359397938,0.004154153207731209,-0.20582914400395377,0.0,-0.9785879436609669,0.3347435392838182
264,0.05428818861989288,-0.00784206330706934,0.08152127780097312,0.6684864523481018,0.0,-0.7437243192386873,2.4893533614195884
265,0.02243299646623141,-0.011460466860737747,0.14209911390049662,0.006353532818789705,-0.0,0.9999798161066655,0.761799426167542
266,0.06306471644105678,0.012126816951254627,0.12738560613495342,-0.5079588682106962,0.0,-0.8613813256659959,1.3563130256521647
267,0.024376249132997744,0.0030651141127200606,0.10506909842307062,-0.6344897058778695,0.0,0.7729313120420305,1.62737368603088
268,0.060016594310715994,0.005625032691904709,0.19152827790329544,0.760336243153832,-0.0,0.649529673953944,1.714046281204556
269,0.07516738035040273,0.007331214446882588,0.11012176858166946,-0.9994493271733437,0.0,-0.03318195914575442,0.18203533382512793
270,0.05767831270663591,0.009338206220162704,0.12396631938586183,0.1879148647818366,0.0,-0.9821853203922486,0.8565277472430424
271,0.022027421467733826,0.018646722239269505,0.12350831656477373,0.0042925538293239725,0.0,-0.9999907869483711,1.4770574345961462
272,0.06662985080209226,-0.018574933576603787,0.022998373741847974,0.9362425253250434,0.0,-0.35135442756991886,0.2580162181868725
273,0.048479673130364324,0.00422893423738879,0.16074135937802236,0.5136370792833908,0.0,-0.8580075470444464,1.7479120892228646
274,0.06239403439199153,0.02365146880597499,0.08743835805326425,-0.5866090424933494,0.0,-0.8098702558219035,0.6696706175943411
275,0.03084449100742547,0.01935733204729438,0.18544699653024643,0.9953961647597585,0.0,-0.0958461015459877,1.0028373608920966
276,0.031226349084523514,-0.012647891178278156,0.10381768793729117,0.26888832436052235,0.0,-0.9631713601548743,1.8891588367135501
277,0.03209184272767016,0.014247962130868293,0.1227232711094364,0.8592663664278312,0.0,-0.5115284073498872,1.170121471547258
278,0.002892328949109446,0.0035783524869893576,0.19210072972704142,-0.9827190697226343,0.0,-0.18510329549600132,0.6161653657995819
279,0.021040115505124517,0.008360890319126575,0.18983966920770484,0.49566034741745857,-0.0,0.8685164477417824,0.8105877155603161
280,0.0048176784894457805,0.010501738352841607,0.15068107391990457,-0.9964313424609763,0.0,-0.08440722576543117,1.819245921312922
281,0.011708365451253172,-0.012671888062866603,0.040121817094486985,0.0976548284652233,-0.0,0.9952203446862549,1.6171275428181227
282,0.01233624237431194,-0.004300821188924182,0.04065234139802431,0.9997953825472503,-0.0,0.0202285203907088,1.3839101716870938
283,0.05724205524742195,-0.0097563043188171,0.10339581894254955,0.969649231242576,-0.0,0.24450024202581366,1.1656168365063708
284,0.009076653225586961,0.014102778100832436,0.07658433494205748,-0.7124140756772241,0.0,-0.7017593496184901,2.142903030595374
285,0.07914166253045511,0.008984249374301886,0.07931207355495294,-0.9773220439533414,0.0,0.21175840574310822,1.7604615792352152
286,0.014788055242842223,0.015045593287751298,0.16211213282239875,-0.9262806839656832,0.0,-0.37683430644258775,0.8140284101714849
287,0.011745319131938404,-0.007977869380989242,0.14181929426435502,0.7246968333942404,0.0,-0.6890678483780539,1.3908024851903078
288,0.023603577114726156,0.011861381140794623,0.041501586617766345,-0.2554716767904761,0.0,0.9668165401759853,0.8543772530908345
289,0.05020729223807531,0.013050621620215235,0.16499009358197056,0.6189488128136635,0.0,-0.7854313255253808,2.4605108975173327
290,0.04196266567302601,0.005559822739291867,0.06737155288774521,-0.20842723175369698,0.0,-0.9780378771108462,2.3367341896571356
291,0.12634539920508414,-0.017476144678273978,0.01189442244311775,0.17485785424506003,0.0,-0.9845936881824977,2.520098931442021
292,0.008120962322683853,0.0028633859029733363,0.1664469235949716,-0.4641033356183366,0.0,-0.8857810642974558,1.730043461371664
293,0.052246004942097565,0.006817426346009946,0.1813521819325756,0.45384174456339127,-0.0,0.891082303096441,1.1473967641119749
294,0.006481180026073118,-0.02103379168800611,0.16295106686212044,-0.7736856783283734,0.0,-0.6335696261260986,0.5268541162338587
295,0.05154050165870348,0.01040831876842864,0.02363140050901225,0.9258109379892503,-0.0,0.377986913926216,1.782743246061018
296,0.03206664242919198,0.009020407063807776,0.1142053773996891,-0.9778633285654623,0.0,0.20924461915871223,0.8588966922683364
297,0.04321862846759325,0.015983964383882374,0.11646292309606243,0.713700357473219,-0.0,0.7004511401536865,2.434339494124709
298,0.07024014357270553,-0.012490989582832433,0.0072679757003563,0.2613255232510933,-0.0,0.9652507295503807,1.625454631223647
299,0.015094904772686695,-0.0002986543958733696,0.06472708319496352,0.9696166235449706,-0.0,0.24462952263627313,1.2226405641593687
300,0.038681146080764554,0.006657220935059316,0.18322805607928402,0.5939935951434147,-0.0,0.8044697688096186,1.2407505810241104
301,0.03474590297063616,0.0028854712188110454,0.18916292828140555,0.9783032701620529,-0.0,0.20717797081309947,0.9014178216267335
302,0.0750861791894245,-0.002022521619567937,0.14167363032348707,-0.9823032747044125,0.0,-0.1872972944411839,1.9103899709173953
303,0.020568442124385078,-0.020341817142626967,0.02479774674074824,0.7834486240879416,-0.0,0.6214565579464997,1.452326677687285
304,0.021823741712159957,-0.024490744176919817,0.1278499971620508,-0.9440736874986102,0.0,0.32973454864902524,1.6696355785108488
305,0.08101299084981055,0.009836623884326068,0.11061143673747445,0.776557411537441,0.0,-0.6300464955749453,2.6582975519089778
306,0.035770404740224804,-0.01584052333206086,0.19249277222258032,0.8406212084164163,0.0,-0.5416234706514518,2.287098953405492
307,0.0455586624920375,-0.012010553192756037,0.16635013395028903,-0.7016328799332964,0.0,-0.712538631792346,1.6781933783846372
308,0.03349676848142181,0.016667874586644413,0.09566612623876704,0.21622128568862042,0.0,-0.9763443837167088,2.60108634652141
309,0.060061815033549695,0.022295719168351515,0.0669193566850279,0.9693507685408737,-0.0,0.24568086520772753,1.775264782884778
310,0.0511766768910019,-0.00012497830466541625,0.13024922647697254,0.3569633824346374,0.0,-0.9341183777235211,0.8859048831081144
311,0.049534444186494886,0.012388743794152444,0.015285043763258944,0.4849071654962646,0.0,-0.8745656298130965,1.8516117769490315
312,0.04977699258330924,-0.004589319356470595,0.0843697075263436,0.0071057869578462435,-0.0,0.9999747535771639,1.1106713785382716
313,0.01993164015690649,0.019065822838795213,0.15088557407537578,-0.38727100198472614,0.0,-0.921965927256396,1.1799469063125296
314,0.04094122296582662,-0.007675085713037434,0.1563217298443826,0.9958588513609582,0.0,-0.0909128602895812,2.5246273092869247
315,0.023231850191195703,0.004997181404534133,0.19739886861560094,0.0487271934074361,-0.0,0.998812124787557,1.3583843385365009
316,0.032463545294848864,-0.009540897462318003,0.09247003087561644,0.4992397070055483,-0.0,0.866463914395178,1.6586377176285705
317,0.03508121194018615,-0.020650472137030574,0.15969478222179895,0.9899554035982805,-0.0,0.14137998050136288,2.5400530325779673
318,0.053727799581284395,0.01622388983013603,0.061530140452867615,0.7905016255693335,-0.0,0.6124599415245386,1.9050325371564207
319,0.04726695889915618,-0.008238928834040503,0.08549393274751936,0.9804318373786525,0.0,-0.1968588637941398,2.0000602966710406
320,0.06739315147755406,-0.011807790495148398,0.047161506236334035,0.4374055540188555,0.0,-0.8992643556337916,0.7965916424702464
321,0.030776831615416347,-0.02563828089112571,0.10900329730170012,0.5957901254552931,-0.0,0.8031401661042524,1.0968124701744182
322,0.07480743546107324,-0.0005419392073240509,0.05120759331856232,-0.7198124836111374,0.0,0.6941685590961075,1.8712822055256224
323,0.04234137855787759,-0.01082432112346634,0.0775943425758784,-0.8509373148132167,0.0,0.5252672522235444,1.6383258775022693
324,0.015597890722929629,-0.0018862258916985018,0.05743113080117759,-0.5362538851696689,0.0,-0.844056734254538,0.7106297974275176
325,0.041803223163860335,0.006933301362592668,0.04238679540280041,0.8537505313291212,0.0,-0.5206822738054786,1.648375549725885
326,0.01317483920037424,-0.005236004446524572,0.07034017167763881,-0.890930524141851,0.0,-0.45413962737502495,1.98844141071381
327,0.04401549877924516,0.014930912524908071,0.1566476739709136,-0.723309790669165,0.0,0.6905236757144022,0.9455310629396937
328,0.06379254235047588,0.013608681452822645,0.07803764123205799,0.7960314624838245,0.0,-0.6052552442861304,2.3241090282434085
329,0.028860165429584302,0.005847167023223196,0.15501205994706072,-0.1234271567821549,0.0,0.9923536350357535,2.3533209844364276
330,0.07450912650137359,-0.023764047233261955,0.06990370611982975,0.5710108430792544,0.0,-0.8209425175284315,1.268802835300021
331,0.0820860736509078,-0.019605623430514942,0.18175189465871908,-0.9904833743385114,0.0,0.13763242771598672,1.6815447327312962
332,0.05855082313642256,0.008825683689155598,0.10453889929888442,0.92509749366616,-0.0,0.37972967649709577,0.8220743809375369
333,0.0174317144729611,0.02233503743592277,0.017079883931541046,-0.9412733140880336,0.0,-0.33764559553728823,0.23631771801233625
334,0.03698086734719905,-0.02249907425538302,0.19543192979461754,0.016614016148142778,-0.0,0.9998619777086382,1.641445626389267
335,0.058728158599040285,0.0022069039802835384,0.1375119736298967,-0.49297731345335527,0.0,-0.8700421647370388,2.267201507176115
336,0.019415237199902673,-0.014225585737534501,0.150129775807088,0.8353815116101463,0.0,-0.5496705650295883,0.5870280844477105
337,0.06396124244815685,0.009269411944231828,0.14239348210578617,0.9997692047455,-0.0,0.021483417850761907,1.48407299666217
338,0.017576605589810036,0.025175203930751032,0.07146617193643086,0.6076928200268937,0.0,-0.794172170557343,1.5716581165008914
339,0.028658081208166337,-0.0080554588715645,0.018680144923585055,0.9764840110615753,0.0,-0.21558983311162214,1.9253568749416539
340,0.032146192013853686,0.011241721621138035,0.10931219870777155,0.5341159887101319,0.0,-0.8454112079953745,1.7934173445569388
341,0.030393240238291624,-0.009263638213324151,0.16697486754189975,0.8176956707411391,-0.0,0.5756507535400252,0.5362421810201065
342,0.0631637869442937,-0.007472624419728501,0.029809545090133876,0.5154444745852743,-0.0,0.856922979980996,2.909361593358922
343,0.06225667881820262,0.016654314599122533,0.11980226052518446,0.5842806993102865,-0.0,0.8115516400165073,2.6042189157421736
344,0.034552303350845304,-0.004846679129280148,0.021305393033932016,0.5151064758215422,-0.0,0.8571261975734441,2.0938389740763586
345,0.039114317034992144,0.012742074939309666,0.11559684869041278,-0.9937228551268342,0.0,-0.11186995663971878,2.6081614639516375
346,0.05113060603904832,-0.009374235980553793,0.10882181691673921,-0.13263222587832488,0.0,-0.9911653205487775,1.508764777410423
347,0.049573237264968865,-0.011527488287202377,0.04896438531493294,0.991296077117324,0.0,-0.131651386212999,2.470770379512688
348,0.025003446824194368,-0.0029251646281234244,0.07540227028855076,0.9703868811983725,0.0,-0.24155599930056773,1.3904032851118713
349,0.07105297355679274,-0.023187839064093368,0.09363175359504672,0.9926973086359423,-0.0,0.12063189224643933,0.5045788312495179
350,0.057571670797254976,0.02164231991866432,0.10719941200698616,-0.7074093362622393,0.0,0.7068040965989217,1.3541997644848622
351,0.06651166507489188,-0.008416658249947537,0.11776173773540367,0.23547442414601902,0.0,-0.9718805459381831,0.891991366011018
352,0.09945782306042332,0.004392176262253682,0.00965833018023509,0.9306028347305325,0.0,-0.36603055062589673,2.268619096251186
353,0.12367164387268459,0.02192544180360177,0.009605614032398617,-0.03573362769178605,0.0,-0.9993613499890742,1.1761867798882732
354,0.015629886218241667,0.019154568812921845,0.1266652782089349,-0.9986975266480562,0.0,0.051022056672139784,1.069662532454835
355,0.007165564080060734,-0.0005070145425775558,0.1553720388150974,-0.24700288880122867,0.0,-0.9690147433985965,0.6126949333249616
356,0.05133179599684917,0.003250108179001428,0.05065678051496683,-0.9999686308914714,0.0,0.0079206838742913,1.8516070171012258
357,0.053235478405805885,0.016111507114115443,0.12018752667742048,0.9978693468322459,-0.0,0.06524390126737346,1.784891092097051
358,0.02580289737766629,0.003890131499690496,0.09059654777492604,0.6503900728438711,0.0,-0.7596003904331171,1.3608790996578093
359,0.05218940740432147,0.013848540785746913,0.08938191557450875,0.6402970874763166,-0.0,0.7681273590813872,0.9774728697714556
360,0.05430504970389909,0.007035950499592991,0.09416373720452002,-0.04464644550470524,0.0,-0.9990028502981337,1.4362363268879041
361,0.06845689699342439,0.00643375144932912,0.11307723315652364,-0.9470435372089383,0.0,0.3211051831266231,1.1256005544713814
362,0.06237106216752219,0.001805991873172772,0.13207971432515975,-0.45417154742413285,0.0,-0.890914252613779,0.7640085414870926
363,0.05199608364888683,-0.017562587188100283,0.05272000189461343,0.9973944908479315,0.0,-0.07214034672910595,1.9526876137886382
364,0.03947526431008712,-0.010085416563585943,0.11532738561749693,-0.33212198329930687,0.0,-0.943236443427275,2.0275343952409086
365,0.034754756115057996,0.020705627925746872,0.10536669291949799,-0.7371049010706882,0.0,-0.675778340003267,1.4507494906765088
366,0.09526309540814373,0.022884977359921604,0.016291407938588034,0.29418201008724926,0.0,-0.9557494153495599,0.9057549915924465
367,0.05118380112317664,-0.016568708750865777,0.02089267613680494,0.013136885173638313,0.0,-0.9999137074007609,1.5772924517028364
368,0.028102520384394578,-0.011970310180564228,0.0539266833148049,-0.24611174570243557,0.0,-0.9692414604355819,1.6454748450015018
369,0.08203949020975776,0.009702938079419214,0.10958149621111177,-0.9974386369029371,0.0,0.0715273766694324,1.3605167679808943
370,0.027267440601460725,-0.004300180108236368,0.10063069253049851,-0.20202985200672635,0.0,0.9793793641373808,1.1067179504754006
371,0.04652147070142974,0.007660382430079864,0.195451625329685,-0.320578735492476,0.0,-0.947221871765029,1.2443190230500962
372,0.06040711069536671,0.014226152217508031,0.0626386638374633,0.8629055864761702,0.0,-0.5053651638451316,0.9044114198614769
373,0.044853118415128936,0.00449276583248741,0.1632852311517238,0.7989987326499286,0.0,-0.6013327075952279,2.6984616253190095
374,0.058669792170638134,0.02142235007383203,0.15145150248985426,-0.9893573955175059,0.0,0.14550582096540784,1.4146227566778606
375,0.04665950678763107,0.018476927092413505,0.15869681965068363,-0.5867874936565018,0.0,0.8097409692539465,1.2087834223716196
376,0.05316669547777496,-0.016632263265027612,0.0054522143701200045,0.7023710497000174,-0.0,0.7118110061970773,2.5642611310018086
377,0.02837956817145176,-0.007329202377343905,0.11441366856637639,-0.9898717050653151,0.0,0.14196481081974488,0.8892377018142125
378,0.06884699687700718,-0.011058898352545782,0.1541796815704334,0.909981697959979,-0.0,0.4146484165867195,1.6240654003934205
379,0.07635348405488403,-0.005098369912588664,0.18113047046634903,-0.9999801799594575,0.0,0.006296005737846998,1.3710625810116035
380,0.06040258058746033,0.023682419251224166,0.0421394772061505,0.7563001452257285,-0.0,0.6542248010672953,1.357306553886972
381,0.037178539411917365,0.019157274284526175,0.04100322902500464,-0.13610472422021933,0.0,-0.9906944554427153,2.78106653499094
382,0.11626909179556838,-0.006297601112174826,0.0051618452943647435,-0.6588855067166924,0.0,0.7522432379481303,2.561660232203129
383,0.05677947181187735,-0.006362601870945149,0.15671162661940155,0.9999795692105775,0.0,-0.006392273572680446,2.308671122700513
384,0.07047936519723547,-0.016551892587627976,0.1806735901977479,0.1802433648665261,-0.0,0.9836220460225525,1.784043487969726
385,0.052626876209087216,0.022072760651775672,0.12973219594170418,0.9977585029088805,0.0,-0.06691763499279882,1.5784530584245389
386,0.04089397483281527,0.0152387982829994,0.151860079001366,0.2637600863365863,-0.0,0.9645883146999639,0.9944002118657188
387,0.010286139470202514,0.018485855186189937,0.03450060221527999,0.5692860281273125,0.0,-0.8221395369272959,2.0356231710257187
388,0.07011295132536047,-0.01199799134699076,0.102692085513039,-0.448790923161085,0.0,0.8936367871166793,2.619525818642578
389,0.025024801901898874,0.003468731425982437,0.11428072846819426,0.9854719597897343,-0.0,0.16983820673859096,1.7174024892224355
390,0.0642664883938854,-0.0028574214518964033,0.018496698990342546,-0.6166190538146841,0.0,0.787261673443261,2.0772931377280575
391,0.048786463831243285,-0.00919337421376621,0.1564826303309798,-0.7263893839556854,0.0,0.6872833934240518,1.4982607695041794
392,0.03941661665315128,0.0016260321140222998,0.15845187751705597,-0.8126673739416739,0.0,-0.5827278432774116,0.6020148853024471
393,0.0130847003947299,-0.018548069329117296,0.16004054351973618,0.9763023521676277,-0.0,0.21641099129193378,0.9092194262616954
394,0.0577815154833429,-0.005760566880886041,0.12202899907625907,-0.9799094792737892,0.0,-0.19944275476780637,1.060411090059814
395,0.045745906943978835,-0.022664976780831653,0.18526960903479925,0.27544089834330043,0.0,-0.9613180074875513,1.6087941777241164
396,0.0034217876236862493,-0.007127652618916868,0.15558968485910626,0.04138203217628616,-0.0,0.9991433968219782,0.1832563444412338
397,0.05166928709189336,0.02106019486163447,0.17852613253884145,-0.9315913894137208,0.0,-0.363507198237137,1.3725839163178428
398,0.02711388457167458,-0.017532848428186098,0.016053114683253145,0.9999382341629176,0.0,-0.011114308757005005,0.3018877323641898
399,0.011283038043426796,0.015446295785852618,0.09597101933532622,0.4130325933772325,0.0,-0.9107162438477079,0.11506887028663522
400,0.04789676536991465,0.006302392037269232,0.1478019075275666,-0.35675308365674685,0.0,0.9341987140332629,0.5044508820093757
401,0.0401455065352695,0.004653476532489299,0.07296742340729764,-0.6216807658457856,0.0,0.7832707229160283,1.2657767074184938
402,0.07573196988220737,-0.023264202759606948,0.1280157964728482,0.7556822883150385,-0.0,0.6549383781142673,1.2189160479582528
403,0.0581059420761475,0.0005483473982251117,0.052078457157296316,0.7714845297651932,0.0,-0.6362480808088764,0.7397067682773381
404,0.048661074798589256,-0.017340754230430907,0.03895979986114133,0.5176187900419649,0.0,-0.8556113534750999,0.6106067024550699
405,0.017362887688211013,-0.018746619084143688,0.043488939809910206,-0.6857589036310087,0.0,-0.7278287752561017,1.4015974228287564
406,0.07567078913607198,0.007352517035145319,0.1459698179796812,0.7863018723045653,-0.0,0.6178425087433974,1.5146932434894231
407,0.05621273506905146,-0.0013779614385784037,0.1482006880479472,-0.3619684430157876,0.0,-0.9321903487275152,1.566554067167851
408,0.028921053499798247,0.017269337184469997,0.08447851470400487,0.9002998738026369,-0.0,0.4352701887689488,1.4500308997610802
409,0.01747623009778708,-0.021483856823084253,0.11560685192862373,-0.7927146495416022,0.0,0.6095928841465713,1.8838651577426304
410,0.03772447480972996,-0.015380369278540024,0.18892635895580842,0.7461287337831742,-0.0,0.6658017066838423,1.3349622349773123
411,0.04025126680305342,-0.01068999774343602,0.10374539737805011,0.7535048572962426,-0.0,0.6574423397005771,1.9069102250199894
412,0.057173987279259986,0.0239871955533821,0.13625806247567268,-0.4618651642682002,0.0,-0.8869501508176818,0.7563393085168707
413,0.028658984469458273,-0.007841625299461278,0.1390060516649821,0.6659640862385029,0.0,-0.7459838040068403,1.8085079020269925
414,0.03858665071896372,-0.015356092039675084,0.1539364912168912,0.2298755332649345,0.0,-0.9732200363772635,2.839250492238665
415,0.04955043385836177,-0.016805052814697657,0.009810567498732006,-0.9676959525509229,0.0,0.25212009720877515,2.05440432463307
416,0.05350901348045098,-0.007063836731391829,0.1928501872702372,-0.5427227823200571,0.0,-0.8399118891590808,1.0792998942970031
417,0.059093321041138486,-0.002549902682707506,0.13279393558114438,-0.9025636864159967,0.0,-0.430556374895514,0.9112700234844489
418,0.038367571334326125,-0.02436301545344449,0.10304182808446032,-0.8412813472564487,0.0,-0.5405975349170347,1.8782094197154735
419,0.028982816581916326,-0.005561974940788047,0.04659728974015216,0.9997630385222996,0.0,-0.021768481909833323,2.0302904224652507
420,0.028487473305321028,0.00639682782312249,0.051595830115314496,-0.6978570770977814,0.0,0.7162370417288828,1.2646547497414007
421,0.008759022489320197,0.01469987981633044,0.05350955112551476,-0.8355332732357972,0.0,0.549439850498555,1.4052525300536534
422,0.03302906029084693,-0.014113816722256398,0.06800310823462405,0.991750201579163,0.0,-0.128185559513111,1.4431654430027443
423,0.052492134272092865,-0.001197289030227873,0.005870675882512485,0.3884982624091586,-0.0,0.9214494560772525,2.055219832259815
424,0.01847575090222043,0.009201257555922757,0.1353025731613248,-0.2290921796531115,0.0,-0.9734047324837631,1.4099369510246706
425,0.0790474610225939,-0.003991702103207198,0.152497832469297,0.9890525621393786,-0.0,0.14756364499947347,1.1733065851295144
426,0.05950243377822615,-0.013570037156913033,0.18786560558968665,0.26166039618398723,0.0,-0.9651600059414185,0.8965352165072373
427,0.041637497646364686,-0.011127415771018528,0.09968597572560953,-0.21294493722020738,0.0,0.977064201428075,0.3155931671209654
428,0.07131047960711813,-0.014752365337304618,0.15762951340807924,-0.07188973683964961,0.0,0.9974125855116959,0.9951736597415565
429,0.018717564175237195,0.021544793977316682,0.1519610902427381,-0.9830539894994866,0.0,-0.18331626695179934,1.9145314660713018
430,0.05186002676404924,-0.015159394006209356,0.020609924707598416,0.8426819481759048,-0.0,0.5384116772679264,2.3396857947651895
431,0.050078728233556094,0.010835202384604914,0.16135885460214444,-0.5890566231445039,0.0,-0.8080917613301065,2.389318063552355
432,0.031251750303557826,-0.01854546519714451,0.11771007600024788,-0.7520862218749238,0.0,0.6590647273719805,1.3288597433252427
433,0.04625553066093802,0.022491474097555954,0.018635222905028174,-0.8761419618047529,0.0,-0.48205317420894445,1.356807033358858
434,0.01681386325258874,-0.0018203490452962916,0.15179107948033418,0.6774214893065145,-0.0,0.7355950827906232,0.49524306639499055
435,0.06670876832061694,-0.0014921832018267105,0.08935215907236897,0.0034198348908563558,-0.0,0.9999941523475621,1.4393877202044236
436,0.03542128760372566,-0.018421424253950245,0.08455512177875558,0.7913240226905458,-0.0,0.611396999594251,0.8464119353382631
437,0.07490442913945561,-0.005043156377407868,0.17460804419910236,-0.5595197047721449,0.0,-0.8288170485527502,1.6421667123832167
438,0.04140410458184428,-0.010870636404929936,0.03096036229861972,0.3028627840368731,0.0,-0.9530341725486209,1.1139162127071098
439,0.007357971657267055,0.016936188724673413,0.06551665488974966,-0.35442322855805614,0.0,-0.9350851164778979,0.43716677041446433
440,0.048955523331359746,0.0066242546601477745,0.14456589802390651,0.9998969398272155,-0.0,0.014356522008122968,0.5234469475363692
441,0.046322547410644975,0.012689938461681661,0.08771202264800206,0.398153895177802,-0.0,0.9173186337117238,0.9696522018914099
442,0.04791501974008689,-0.007229847351496659,0.02787654371739056,0.9762728283045503,-0.0,0.21654414033687,1.3845164586069356
443,0.06573340422387672,0.025234135240418416,0.11431902505790593,-0.4871210659377672,0.0,0.8733344531848343,1.0320986312918954
444,0.025030298654360704,0.0009045561760160862,0.1223851140503048,0.40174972728221187,0.0,-0.9157495053936248,1.758983250226782
445,0.05155355479448849,0.011773118596287404,0.04619318975928195,-0.17095190532386706,0.0,0.9852793746273895,2.889564717167309
446,0.0263082137213048,-0.00940380898270813,0.09726825018490855,-0.8951428979271715,0.0,-0.4457793089529228,1.1200713085334082
447,0.05631913582982175,0.023550422748454265,0.06303112361994405,0.9849758558485686,0.0,-0.17269210577029798,1.9679686625676893
448,0.022819148774465867,-0.002111084878695477,0.02943858201127784,0.23397704161070587,-0.0,0.9722421221069893,0.7468346062813918
449,0.005605853529429724,-0.011731349849385186,0.08074854107607,0.9764790658577712,-0.0,0.21561223050080974,2.125816514694331
450,0.06927110984322592,-0.022738465406326624,0.15771127985763728,0.8796996595040042,0.0,-0.4755297141804484,2.0245417675706125
451,0.039528242480874685,-0.006263315117475207,0.18277822947965872,0.33971916018661363,0.0,-0.9405269226354458,1.427800898237735
452,0.0457079365193117,0.011525608888846184,0.15233668604479944,0.35948053374156685,-0.0,0.9331525844474087,2.2021290276803613
453,0.03444873303200241,-0.01609643892179975,0.09368636337266223,-0.9863362016005528,0.0,0.16474494654523925,1.7706479988062378
454,0.004134994474683692,0.02197514853631972,0.0186529586882466,0.9246038835168096,0.0,-0.38092999171190783,0.9794504765754782
455,0.06052089799680339,-0.006586208369053176,0.06438483883037009,0.7420929349671654,0.0,-0.6702970057159873,0.37290479402056587
456,0.06686014349901861,0.01082299151392764,0.1003784152104295,0.08407803979295948,-0.0,0.9964591728839539,1.4216372711725835
457,0.017858696052647182,-0.016536810494142535,0.11059275150011304,0.11887662590742777,-0.0,0.9929090329999346,0.7638424791535529
458,0.04342718646322573,-0.02489489951774656,0.16840517961815835,0.0157830433872734,0.0,-0.9998754400131226,1.125611536378768
459,0.008473319351329665,-0.025300736433490314,0.08767990160512426,-0.9622066976508452,0.0,0.27232016266860404,1.8915702473066094
460,0.04414820421906085,0.00964233652661653,0.019749374909062898,0.854483304678251,0.0,-0.5194788561877522,1.4695792060932154
461,0.027844684298834715,-0.008664493495212602,0.012117418201085618,0.7962537592481914,0.0,-0.6049627681792683,1.234248849569628
462,0.013224353267523201,-0.026165777365885285,0.05866451469182477,-0.9943388211453605,0.0,0.10625586460640561,1.4954257397062873
463,0.069614916411366,0.01868952034896751,0.1389943307892248,0.007401779525953893,0.0,-0.9999726064547214,2.84115910908626
464,0.027016329413542615,-0.003505520562707083,0.10550063378509546,0.15628068410255938,0.0,-0.9877126848311891,1.0289624512506719
465,0.027210846357753664,0.018189265121858072,0.12477714894136507,-0.9785430404480194,0.0,0.2060425150078154,0.30735486735266987
466,0.014353089603685257,-0.014074292885119992,0.16825194966426935,0.24249266671159764,0.0,-0.9701532387159763,2.074393880695032
467,0.008209101285227617,0.011899294390199686,0.010594015089607446,-0.7463123473972506,0.0,-0.6655958834926833,1.9613347151412313
468,0.06809497949283838,-0.01723384223387141,0.0038181595094259925,0.15006725593536951,-0.0,0.9886757904874723,2.0770396258982253
469,0.00878646048525914,-0.014241684974921207,0.14225541951097367,0.6958067155216929,-0.0,0.7182290822814917,0.3530740459571777
470,0.06707205841575946,0.011146003001546424,0.05256526152242335,-0.9069147132374681,0.0,0.42131425671747813,0.6118967785995775
471,0.034962750962073456,-0.017991665753468215,0.1301502949819635,0.4207295901744461,0.0,-0.9071860955458051,0.4708738286840345
472,0.010954676736025175,0.01183981836047605,0.05182922432910959,-0.9780484778728843,0.0,-0.2083774818221352,2.2100170819896277
473,0.018895566475472195,-0.02183333147267948,0.07359986528513462,-0.20318403707798308,0.0,0.9791405655352519,1.498819508326352
474,0.01018367908369289,-0.004916940672755136,0.0357656378713125,0.922219358352354,-0.0,0.38666711145398985,2.47441976402627
475,0.03192430202416467,0.012026707838164489,0.17130488356556609,0.7220409251558574,0.0,-0.6918503468236996,1.0191324778122763
476,0.057267833988901784,0.007666640128505636,0.13362681669604276,-0.3352499688685809,0.0,0.9421292153275026,1.9754244910936136
477,0.06287342706188317,0.015729949568225404,0.09868102220503842,-0.722387816251964,0.0,0.691488136507575,1.773382869050611
478,0.016927009097729793,0.00038147317023851633,0.062011518931450245,0.8946942941362955,0.0,-0.44667898992448246,1.3248957146905007
479,0.0736901378923731,0.015318930700910543,0.10968833137618761,0.8765874955968265,-0.0,0.4812425194881306,1.1740976412014903
480,0.056492856233766126,-0.009524787727423892,0.19316018860717316,-0.956560589910674,0.0,0.2915335963997003,3.0630991184040215
481,0.048352584981731145,0.002445301100117707,0.1893740458630516,-0.4161231542536492,0.0,-0.9093082648332158,1.7136634234825388
482,0.05634986247067619,0.02441774709617906,0.01820615937130231,0.674064448276362,0.0,-0.7386725387950223,2.234377280069814
483,0.051726575293757765,0.023152227069650012,0.039795092626220406,0.7507149555880827,0.0,-0.6606262600414723,1.0414139764561217
484,0.06854770882762472,0.012157843414150759,0.06472771307712187,-0.5556976497269903,0.0,-0.8313844610575178,1.7034143095523806
485,0.017207470998747094,0.008237253030715578,0.07310572835723982,-0.8659232215732706,0.0,0.500176943031332,1.1758995107457433
486,0.037686842722286715,0.009672215165517417,0.12486692527265889,-0.21502090714357702,0.0,-0.9766094457310728,1.719666255170166
487,0.02581054647823877,-0.003697661471726005,0.0366778274116408,-0.9139006439050054,0.0,0.4059379423877702,2.5822102503353292
488,0.05164702562549721,-0.022170613966174597,0.11182468511786187,-0.876448960683557,0.0,-0.48149477600147716,0.9314137028027692
489,0.06160962966946827,-0.01036630042049759,0.03243634503035246,0.551319597885021,0.0,-0.8342941333773711,2.5459865280790135
490,0.032709386551160416,-0.022600200554054067,0.15829409934451605,0.8698345589537885,-0.0,0.4933435314764634,2.9096051490262074
491,0.04824323173158372,-0.00141872015958522,0.04254665423271645,-0.10553876493529757,0.0,0.9944151894937708,0.651567456052929
492,0.06011787966896077,0.016842126767653377,0.08704503073943148,0.5084351919143523,0.0,-0.8611002587521477,1.3460821554934745
493,0.016060976213783728,-0.018509128831002607,0.08834077882845441,0.9633290671560703,0.0,-0.2683227690156308,1.16067171372645
494,0.024645287990787648,0.024328447100329276,0.035991422471839674,-0.49634486247362064,0.0,-0.8681254388025054,1.9259586190317624
495,0.07656646163648721,-0.008440497664466123,0.030392347034142952,-0.9679207907660149,0.0,-0.2512555328801586,1.607052125134145
496,0.0346836401881802,0.0072811027516404446,0.058461826771958554,-0.2977501846030037,0.0,-0.9546438223593536,2.4853524364586366
497,0.011076602296108646,0.015655053762595766,0.08418956581899895,-0.7282015712758975,0.0,-0.6853630217565827,1.2574784592097923
498,0.05246066500935186,-0.021995963566832526,0.10984389051463554,-0.3692767056308192,0.0,0.929319490099314,0.7517130924279337
499,0.00356025036748536,0.01150297323090494,0.13301993143249702,-0.9990188524422937,0.0,0.04428693334249753,0.8443352168113604
500,0.007343042061194095,0.0019285783487862586,0.04043326153615223,0.9791013120090678,0.0,-0.20337310742111894,2.791331941622447
501,0.007996094529112903,0.016817653292569634,0.1366976778497494,-0.8736149845436458,0.0,0.4866177748303132,1.1305112929652137
502,0.028228039689128535,-0.028459687674927788,0.1277916069862273,0.25689551385559906,0.0,-0.9664391832706638,1.5718432101877613
503,0.05877382506783625,-0.015771397678130888,0.1269942290132289,-0.6675631250940582,0.0,0.7445532042874135,2.5812909839349785
504,0.07258521055932096,0.014341644929387698,0.15499291924909353,0.2935238194368989,0.0,-0.9559517599874874,1.817720805168322
505,0.0675378504802267,-0.02867755476533096,0.07539518459525776,-0.7167264122436301,0.0,0.6973544650981839,1.5607591240565675
506,0.05567494602843635,0.018252321340919638,0.07562857306943445,0.04498257439085908,0.0,-0.9989877716975173,2.4580891965311946
507,0.021639644908699088,0.008202498159935194,0.12077761069297249,0.1538107879844507,0.0,-0.9881003195524238,2.1009918038976285
508,0.039436252790037006,-0.012445153795595592,0.1379313198056359,-0.9976224389961337,0.0,-0.06891639290767938,1.1525229886389348
509,0.03448900484688849,0.02299765237420557,0.06302818226929464,-0.7490972376664744,0.0,0.6624600580566783,2.068455616017361
510,0.005520798940007978,-0.013409730748283282,0.13817303469804001,0.960024585184699,0.0,-0.27991569416691614,1.576484796740252
511,0.03342506216942277,0.003168170515156119,0.1875031285047303,-0.7046710822648984,0.0,-0.7095341188551944,0.6149682419376168
512,0.037845850430214545,-0.023824437027643003,0.1777809774328984,-0.6420610153328522,0.0,-0.7666535414316866,1.455278644144696
513,0.05076006672356912,-0.004044576133462853,0.1515207761596135,-0.7286151295015288,0.0,0.6849233483109408,0.571779523546435
514,0.07016624865572058,0.028493511607321782,0.18547707414424366,-0.945355089713704,0.0,-0.32604256524631037,1.593820940170019
515,0.0748445865792812,-0.023143213137005222,0.1219663844994856,0.9285955645763301,0.0,-0.37109335408919253,1.560374041788775
516,0.012297652940630566,0.01631996771857928,0.05692632427842907,0.4590151808659583,0.0,-0.8884284235292067,1.7954324328894824
517,0.03523396542626864,-0.017078959076090597,0.1051003889530932,0.9973573946078472,0.0,-0.07265141031698504,1.3976815484404392
518,0.07508479117529573,0.02219973688273803,0.15946963896095656,-0.6118862220536933,0.0,0.7909457953999492,1.6783704958701644
519,0.04555154595571106,-0.0208745471614949,0.12274134388843337,-0.9956920435712043,0.0,-0.09272191957136566,1.8595527901162456
520,0.06652129286683384,-0.0010086811603308545,0.11406067035779738,0.8146799981738028,-0.0,0.579910769494353,1.8666766200049156
521,0.04369761009191333,-0.005833059092597712,0.06231160369661048,-0.2703872340640467,0.0,0.9627516521176135,1.388752729712445
522,0.07472526673711508,0.0086828757423982,0.06277455152672125,-0.5585458141972776,0.0,0.829473672543439,0.7104056234636031
523,0.029934097441009545,0.008574929186438372,0.0191001870930217,0.6301180979382955,0.0,-0.7764993127174193,1.7384865496794615
524,0.02837127191243393,0.010704802727218646,0.10261696702724478,0.9540902270732176,-0.0,0.2995193459584475,0.2525667195077989
525,0.05104243543430101,0.0009570721741300021,0.10557646825679493,0.9962318354232335,0.0,-0.08673021439645823,0.8953012094075866
526,0.03097161189446011,-0.009654191700018461,0.15285301218711939,-0.8266683624090777,0.0,0.5626894512889803,1.8847739467436826
527,0.019956956448104683,-0.004092151388068851,0.03163651493401734,0.766562177614219,0.0,-0.6421700926167044,0.7293711727490751
528,0.04513559080895977,-0.005478994642242106,0.01696979932674219,0.584735914961761,-0.0,0.8112237112867401,2.219796980723779
529,0.03409976467021172,-0.019128780459109106,0.1677219924486614,0.8091542742962323,-0.0,0.5875962562747806,2.553146106743573
530,0.013189743042439386,-0.021589533191143682,0.1640067888146309,0.4379135395701256,-0.0,0.8990170920851083,2.246727890546362
531,0.011719308177706831,-0.01869803686740336,0.009938588162712536,0.7279447180689266,-0.0,0.685635827123664,2.495707945084396
532,0.022918530751457788,0.023574248804235285,0.11114169329736563,-0.42129143380830564,0.0,-0.9069253154476072,0.8289567758750683
533,0.017534024103775685,-0.007654515110626503,0.08714639599287308,0.3126268620317415,-0.0,0.9498760156653006,0.7319639766758113
534,0.015259612065091912,0.01768065222359778,0.09677890332932239,0.9044540592215212,-0.0,0.4265710430370455,1.7762826318916276
535,0.019514549871893723,-0.008149514853940151,0.15978691644082071,0.8556247623393769,0.0,-0.5175966248650438,1.1070925257321205
536,0.053428053130312556,0.005868555525577372,0.17974051424450366,-0.9223311664816115,0.0,-0.3864003355804312,1.2113751530662829
537,0.11300001214486668,-0.016086877397275653,0.013454497727040767,0.1606428430704305,-0.0,0.9870126022347684,1.5631292343758378
538,0.010722513920422512,0.0034730960367331844,0.11947618213042831,0.9656151674823137,-0.0,0.25997566872325434,2.8611832850579466
539,0.029659192526700764,-0.005569631051650982,0.08607830125102021,-0.23605085300886416,0.0,-0.9717407034769037,0.7382585285793751
540,0.0488075217680381,0.01232755581149225,0.09565691107886304,-0.9812471868166135,0.0,-0.192753620885528,2.007659479145473
541,0.01960783231169783,0.016645828309503514,0.026466911808640484,-0.21411832934101058,0.0,-0.9768077298221051,2.436487668161877
542,0.11852324872661142,0.01286543962651903,0.004481955424733929,-0.10653926103143335,0.0,0.9943084963223818,0.6607857580089563
543,0.015760356677256077,0.022551892944879717,0.061474319257738816,0.13404221214827425,-0.0,0.9909756229909983,1.4976468178886675
544,0.11134098271278968,-0.012144009257803854,0.013144632091530217,0.22335224642504875,0.0,-0.9747377975727032,0.8004533720442488
545,0.1260830644603551,-0.020994952549673238,0.008371946407857921,0.09558910247027504,0.0,-0.9954208775633187,0.4452290205451526
546,0.024385205361804288,-0.02067844068489779,0.002701196494351368,0.12293421785084477,-0.0,0.9924148215748296,2.4693280077210487
547,0.06984375001627728,-0.006412740219932225,0.010230009755372863,-0.27167735580711605,0.0,0.9623883905896068,0.5870818830791754
548,0.060628922591380134,-0.0231424199013762,0.15195413179486875,0.9382208660564362,-0.0,0.3460370016288875,2.050979782432888
549,0.03041020161083496,-0.017428202730459245,0.12452080495844939,-0.9976035664179644,0.0,-0.06918904732801351,1.5262016831576215
550,0.0913952731524386,-0.006304145580112363,0.007647307054929998,-0.5300831256549827,0.0,0.8479456821612124,2.238813084105261
551,0.0986332541668088,0.016047248520512425,0.009891361971423611,-0.6924854298074734,0.0,-0.7214318606107986,2.0665173428164088
552,0.08180071262230271,-0.02000920029351377,0.12138437058888364,0.9958465843847623,-0.0,0.09104713267974292,2.4437296469604504
553,0.0743618568735122,-0.01787870313255778,0.1206128518466089,0.3134364504088188,-0.0,0.9496091783229141,1.9668504204716655
554,0.008611662480032208,0.003522761256891232,0.007367743350221979,-0.2848616862715633,0.0,0.9585686306647644,1.696675259820077
555,0.08156768166859918,0.022308547174755413,0.006731586486709168,0.8372621690118581,0.0,-0.5468016645380286,0.29703803499041664
556,0.05635112693672146,0.013594145554499842,0.040297853735491405,0.8325266039102498,0.0,-0.5539850663886763,2.7981924663065088
557,0.03159511918691246,0.02116669231452064,0.15095804413471098,0.18873068581350336,-0.0,0.9820288836039217,2.200989336214061
558,0.03897325900121002,-0.017549167465305684,0.1830138800187797,0.8936937529969641,0.0,-0.4486774741996766,0.6896290532681197
559,0.04291298143355081,-0.013921217740024638,0.16965132541566189,-0.8343162603466515,0.0,0.5512861123964383,1.1221276596297616
560,0.004725968731449804,-0.01502009934190053,0.10916850823569031,-0.730662709148011,0.0,-0.6827386069796324,2.9692712648764608
561,0.03228298690187118,0.001582002930283231,0.10527659929521227,-0.007545767253994259,0.0,-0.9999715302930121,2.0508100518026873
562,0.03881085654414829,-0.010012100266546954,0.031701162021406264,0.6774910694067573,-0.0,0.735530999261138,2.5763133997026353
563,0.01103406494431623,0.006572823514523454,0.03677943044328115,0.19283292945455555,0.0,-0.9812316043208017,1.4179093454425669
564,0.06442696526266005,-0.015408059718963623,0.11513515319108818,0.9746680358472176,0.0,-0.22365647743297531,1.1392886785848721
565,0.07219300665746185,0.011980009064060505,0.09958782276392565,0.6557727716416161,-0.0,0.7549583246600258,2.4357105627643794
566,0.04104777724119067,-0.023280195310761677,0.07792208082292103,0.2327465622378252,-0.0,0.9725374222961676,1.99952636642341
567,0.015013555658554095,0.017905931046392612,0.18717103070371907,-0.4177780449331877,0.0,0.9085491209460296,2.600795683541716
568,0.04115477172071393,0.005445604292215825,0.12058522159298568,0.2488638973480237,0.0,-0.9685384662452764,1.9929874807521395
569,0.055974707681520776,-0.009075442549453428,0.045597262287224084,-0.42592536583665364,0.0,-0.9047583007283839,1.0814394288006002
570,0.026068759790184262,0.0020240653686361388,0.10634060417738446,0.10261029785668355,-0.0,0.994721632806768,2.7535916394875075
571,0.01862877229401876,-0.016441269862460965,0.022902926355630168,-0.9963712758599623,0.0,-0.08511333997200961,1.2429207207896276
572,0.009644885337080328,0.017623928564152083,0.049883879292888886,0.8233963509619485,-0.0,0.5674666943729363,0.6122066973634883
573,0.027563938673770803,0.005568390401727727,0.05933850767453811,-0.8722956997871715,0.0,0.48897874405009556,1.9775040591076931
574,0.0067034120197523115,-0.01043678422890154,0.11021758791788601,0.7394861264885917,0.0,-0.6731717973377217,2.313743738350518
575,0.03853642322616419,0.010351117106385869,0.01108062049448934,0.09843203128130627,0.0,-0.9951437761538962,3.0187078364402242
576,0.051173514201496954,-0.005532700636498949,0.17613767348558035,0.359199298065406,-0.0,0.9332608768556195,1.0725519899688718
577,0.015521484689732405,-0.02223073451773631,0.14918564146828445,-0.9360357972038141,0.0,-0.3519047972861698,2.1899038726736304
578,0.02760572901731603,-0.008763431858161906,0.10092185570984538,0.3685679145421991,0.0,-0.9296008242089796,0.6590989785179485
579,0.13104297758648203,0.007323318356103971,0.01064976455201556,0.9518794822509578,0.0,-0.3064725946469742,1.3508010460215778
580,0.051244550622666064,0.009259249463830646,0.11364973413572674,-0.878170176943049,0.0,-0.47834834621624234,1.350286163295816
581,0.07898738872701745,-0.017511998544945503,0.03523335535751537,0.8950667228569495,0.0,-0.44593223883693434,1.8917769493154104
582,0.0739445846128954,0.020804629289918736,0.042500124563635465,-0.7175199517630184,0.0,-0.6965379521763304,0.9438572937560795
583,0.05334657359755467,0.0212736355451315,0.14266659224820857,-0.4896170201251671,0.0,-0.8719375973105826,1.820164556434253
584,0.014785277905099153,0.017308611147658838,0.08487321459642634,-0.3930325892549793,0.0,0.9195245422410033,0.9386574948568311
585,0.017000112016887933,0.02363371567302917,0.06941439316970309,0.9536596241307354,-0.0,0.30088755591221195,1.0615121996385841
586,0.03903782148835128,-0.005646620613826838,0.02655115159875178,0.3584369960688408,0.0,-0.9335539190904539,1.768546316975121
587,0.026611837112579632,0.008415439482055056,0.053046759520861346,0.8795209969655579,0.0,-0.47586008016717607,1.8614085064540995
588,0.100847051326714,0.022104365818316186,0.008412269646892382,0.9983544807888618,0.0,-0.05734396819895117,1.8973019272153595
589,0.011679359033942316,-0.013239601128950023,0.14784564517240892,-0.9551524516739592,0.0,-0.29611449485161123,1.2396473257373177
590,0.04885845134173808,0.014541356538377612,0.10421285762386666,-0.8455803013277768,0.0,0.5338482499797355,0.5992491857420645
591,0.0393385507242653,-0.004420658857702571,0.08075966458588021,0.9549610768357595,0.0,-0.2967310932960797,1.5153865406682956
592,0.07181967096764909,0.02189936528462594,0.06693403908378802,-0.49877463242388137,0.0,-0.8667317151520545,0.37937123777582205
593,0.11814367441030664,0.013107938066074158,0.006728434125277586,-0.9985886993084911,0.0,0.053109411721234914,0.372034496128737
594,0.04054089717117946,-0.007860836207352685,0.148450942511122,0.1861730846430317,-0.0,0.9825169629856264,2.3874197989778967
595,0.015677058934796078,0.016313174503841146,0.13674636594569947,0.952377973230743,0.0,-0.3049199831183618,0.6044061757485631
596,0.01730081874994055,-0.0016029548677177815,0.07853626025019672,0.6835111082472572,0.0,-0.72994011049031,1.9819764932318091
597,0.05968542534363286,0.012200409299443118,0.059908915892271174,-0.32636397088994984,0.0,-0.9452441793023346,1.880114702753807
598,0.07010973029392918,-0.008900570840936626,0.04929713396181238,-0.27009321752242765,0.0,-0.9628341777525259,0.9776297943926751
599,0.014337631273299817,0.012495625100189624,0.02646359116037184,0.9923626388595047,-0.0,0.12335474452083332,1.9802608690276222
600,0.018838164381174773,0.02204484955517411,0.1314080409751493,-0.9611132820236745,0.0,0.2761544117295261,2.1792327866911476
601,0.04276805459735375,-0.005300385399754565,0.19162825089110666,0.7686930520084299,0.0,-0.6396178482453138,2.0359238194398346
602,0.05081277948148976,-0.012337887605468658,0.008332529141230676,0.8270297044123872,-0.0,0.562158223296217,0.2721972535397702
603,0.037131577369548176,0.024765547010699024,0.02574596503195961,0.014378688590315838,0.0,-0.9998966213136349,0.8790253143257584
604,0.034454847294208286,-0.0027257057479243793,0.14209019715367494,-0.9301744923325126,0.0,-0.36711771111450414,1.12232646919556
605,0.047213039178940756,-0.018936872061611095,0.18853736386459471,-0.08854585304195543,0.0,-0.9960721017622531,0.699964849690779
606,0.05946084939436721,0.009518872347185235,0.16576811326743562,0.9622409603737843,0.0,-0.27219907086347195,1.1653370636925098
607,0.054391614048889814,-0.013807400282909449,0.07596865675409528,-0.9020795496905384,0.0,-0.4315697927683489,1.755875089529958
608,0.01828830985861613,-0.0021513222190441884,0.17643007513796088,0.9346059237971476,0.0,-0.3556849268710728,1.812259517018548
609,0.026435916933183663,0.02246778906274403,0.1938066405157272,-0.7894353344192363,0.0,-0.6138337338159158,0.6660691737030378
610,0.014630597777536213,-0.004734777190810952,0.07343199502372182,0.7035519945337433,0.0,-0.7106437862864852,1.7880586585928848
611,0.07748599077414434,-0.02182792769040355,0.1573608856912217,-0.598661879856903,0.0,0.8010018436971283,1.145930406359947
612,0.03245165761575849,0.022230023206252787,0.1654595815876153,0.26154416162143057,0.0,-0.9651915102826708,2.323601499848013
613,0.06863569940504481,0.004176682626069554,0.18477279158526344,0.9620754634112906,-0.0,0.27278343553440054,1.9945408342625175
614,0.05219644776760444,0.013995333347204925,0.12596647854651458,0.8326080489503159,-0.0,0.5538626515871498,2.584608470028928
615,0.12198123448177259,0.00439503957523234,0.008317107023973327,-0.6848591730766923,0.0,0.7286754511116106,1.3590709582849556
616,0.05910824910716249,0.025994082682457186,0.10599112535639162,0.6052315333985796,-0.0,0.796049490283113,1.98591489057282
617,0.019304862887543094,-0.003613206551027457,0.023618333345521925,-0.96624835385371,0.0,0.2576123418530168,3.0276106328318817
618,0.027977046884101082,-0.022999232063950367,0.06655148552545777,-0.20430545448010268,0.0,-0.9789071872602012,1.3698640467198313
619,0.0408924318449881,0.002487448891379037,0.1313466962831594,0.7019444125739104,0.0,-0.7122317331151904,2.6398594714157295
620,0.027815710588012382,-0.010057656225885484,0.023871771365221645,-0.24990392564485944,0.0,-0.9682706377595514,1.2260149616584286
621,0.07294036264675027,-0.01917814042949207,0.03573863419944035,0.8656592816692087,0.0,-0.5006336066026226,0.36503914726226744
622,0.03999159341748143,0.019361034686204617,0.01585492013728724,0.5887816956890298,0.0,-0.8082920974632566,1.617538690840795
623,0.077300768891494,-0.0022854754217240497,0.1074067407590868,0.5838880122992859,0.0,-0.8118342128126833,0.5052669736091168
624,0.05886489540216128,0.004256547537655031,0.07760974136072986,0.002864492425017523,0.0,-0.9999958973331575,1.7378318415620402
625,0.024176315230229204,-0.021145241171299445,0.18148789857156505,-0.9019238693973336,0.0,-0.4318950495332651,0.8188126812245717
626,0.07805562330189163,-0.02316010492943513,0.08554063086793029,0.5981523649843024,-0.0,0.801382398274186,0.820037324160936
627,0.05341515447127302,0.00895252336848604,0.17598736434948764,-0.534966275011072,0.0,-0.8448734133589352,0.8847797289772569
628,0.03242373067807773,-0.02522080690660295,0.021629851836751365,0.8814606927477806,0.0,-0.4722573950089112,1.485649567319965
629,0.07140195383306835,0.025758913038704413,0.15498330988836453,0.5333285476441809,-0.0,0.8459081866655204,1.917009522610371
630,0.06036374013641494,-0.01675598957331706,0.007423538350498865,0.4317228607806176,-0.0,0.9020063034587948,1.5070350463023598
631,0.03299714607219252,-0.02628003803318653,0.12976455794025318,-0.8597936319429309,0.0,-0.5106416654273169,1.3492430902243098
632,0.06592623112653156,0.011601563194186601,0.11971257371918073,-0.9918573203952011,0.0,-0.12735405756571466,2.1305741448268143
633,0.07797398236216803,0.011414633248486999,0.10824111154202887,0.2810927703483334,-0.0,0.9596806002300448,2.542218868629406
634,0.12881663957904835,0.017636996791702175,0.008410843895144998,-0.9787463165780512,0.0,0.20507473707138388,1.3876765198347123
635,0.024129320865911925,-0.002324428528565228,0.1851420708281972,-0.8253671468249545,0.0,0.5645963805605151,1.6025509481963067
636,0.09908080626676949,0.0130144384026567,0.015142931925682068,-0.2494005399184936,0.0,0.968400418570936,1.964189724811883
637,0.028587214598674623,0.005047890634209892,0.09922032479373537,0.9431483539477787,0.0,-0.3323720542488424,1.1272576180198732
638,0.03890561391094781,0.0018879047456334445,0.1564457962366885,-0.6900024640078078,0.0,0.7238070182466829,1.7825435656561561
639,0.03771421200267091,0.004689550003420985,0.06417042345768702,-0.4352730219680026,0.0,0.9002985040234392,2.064820953307656
640,0.059397264897825305,-0.004797514478790769,0.07171189311695088,-0.2717149211237877,0.0,-0.9623777852998758,0.7382079898996534
641,0.02269709640920299,-0.02757913022782857,0.07276976800732558,-0.6882491810319467,0.0,-0.7254743722619392,1.6288817749214082
642,0.07066516678382234,0.006435690528502633,0.12469110887627287,0.770652900057771,-0.0,0.6372551354305018,1.9249236901017188
643,0.027851441440805088,-0.02430407867353919,0.1515914876034226,-0.31700709217871337,0.0,0.9484231668977706,2.2776978218999515
644,0.010211553488118572,0.01581213412187977,0.03140751094352668,0.44724323860200266,-0.0,0.8944123688348636,1.1667378434269933
645,0.032924448132193904,-0.0018803768617135384,0.16758463108509347,-0.763685257243341,0.0,0.6455887451537334,2.1628763720483994
646,0.07587360024720446,-0.0007234305883417349,0.13435816363226333,0.6184734726239508,0.0,-0.7858056780530865,2.0785328245240215
647,0.053149082128474294,-0.010246735286970274,0.019342392115681565,-0.3795860582113044,0.0,-0.9251564324002749,1.4189367972791784
648,0.025657009305386426,-0.02583573452005609,0.09072577827317126,-0.0533932100489645,0.0,0.9985735652022174,1.8533599295298764
649,0.015201231129867019,0.005000752329585392,0.15147352212588172,-0.9719982981294976,0.0,0.23498788997171843,1.8688127989195236
650,0.032792601407324456,-0.013199456322283814,0.09116609960809013,-0.9991672233146704,0.0,-0.040802694195992986,0.741414429060706
651,0.01308032504182673,0.015539529067355683,0.15476546697477986,-0.7901100268943472,0.0,0.6129650441917665,0.8578151814281251
652,0.04290780538139302,-0.020288318203871895,0.11822763438279396,-0.20582797175653628,0.0,-0.9785881902223175,1.4385753937949908
653,0.07751810163198117,0.01433005642203223,0.01955238064153343,0.8634003428513857,-0.0,0.5045194227818288,1.702195453598283
654,0.0615619457605797,0.0021682496083881555,0.13430915058655238,-0.5712471695446196,0.0,0.8207780889419871,1.084394540692513
655,0.05643236973800794,-0.011049883277598385,0.01849102910594983,0.938814880349807,-0.0,0.3444221543887351,0.6317220315096485
656,0.03276746279319707,-0.0004534961940261106,0.08514431437383847,-0.9415945929550147,0.0,-0.33674860432952103,2.8005104241364642
657,0.03021612759326046,-0.025319723534805928,0.06282792930749921,-0.27929725463881044,0.0,-0.9602046883614054,1.189287795760643
658,0.07969534188313908,-0.01991996055738384,0.11013249367598339,-0.9287216190651776,0.0,0.3707777693996163,2.761530258668381
659,0.027552657082334068,0.01202926648793172,0.03262646981779761,-0.00910800723713329,0.0,0.9999585212418404,1.5598225263956378
660,0.029598365298589793,0.008931858250851774,0.10539299118000796,0.28088446482916823,0.0,-0.959741588875689,2.933051795427367
661,0.07266064673395572,-0.012146982278824058,0.12640835284813254,0.9688711484043897,0.0,-0.24756554241161877,1.5466168507185973
662,0.05636231427571774,-0.009620480229207735,0.10901380351511816,0.6991450372409245,-0.0,0.7149798716756902,0.9648630390981794
663,0.028722595890390175,-0.015654495802625443,0.09123845747378219,-0.8951985238790587,0.0,-0.44566759232050335,2.3276675972760286
664,0.03564426417747731,-0.012584239561500172,0.11476399492000505,0.23965985274938273,-0.0,0.9708569178721158,0.9370963503102676
665,0.04484734940063274,0.023542580092366955,0.09660578740680799,0.6567012556332743,-0.0,0.7541508210230105,1.1909671537939832
666,0.03435764538909308,0.013028056444865106,0.16773847814363113,0.9698292178702222,-0.0,0.24378533213717507,1.6111137306239347
667,0.0573273369066835,0.00850329731741355,0.054056674406324876,0.6096197125071776,0.0,-0.7926940179682612,1.8094791503778782
668,0.06662579965218186,0.002064561031549407,0.10162173835624409,0.992229936118434,-0.0,0.12441765899746024,1.084374696380041
669,0.03465985693348459,-0.020216566050581915,0.03607977121323431,-0.9876827359268908,0.0,0.15646984742106582,0.5070794952118445
670,0.07583425099665198,-0.021318603034483633,0.17749916776131192,-0.9979137032380532,0.0,-0.06456191516455224,2.3275868011006304
671,0.03561689768595745,0.018843717539072716,0.01945533103610802,0.25012335381729045,0.0,-0.968213978351475,1.036306716084278
672,0.05020405227475005,0.0027119474317277062,0.00990501454523868,0.8302986579268191,-0.0,0.5573187047326896,0.7656538081419494
673,0.03320939139427692,-0.019410955202283392,0.1438311727527987,-0.83038130696536,0.0,0.5571955536815603,2.1036803449344523
674,0.04370398122805835,0.017033958544956634,0.0577934304365541,0.999998081785488,-0.0,0.0019586794900176754,2.1465148001709755
675,0.02870206132574943,-0.014986122699747969,0.049680189774178415,-0.4192340864917354,0.0,0.9078781750452206,1.3893946820891987
676,0.09319528467913639,0.015402886468253319,0.006557450491214251,0.3863950375841377,0.0,-0.9223333860000693,1.9220765762336967
677,0.08046896238294042,-0.013261589070760419,0.08407230613733353,0.7950110561695948,-0.0,0.6065949394514477,2.62563211089745
678,0.0665315676041259,-0.019941628124714828,0.1873444675212515,0.8673951004611561,-0.0,0.49762007565609845,0.6946210381730012
679,0.020133204652777095,-0.017705906643121525,0.1326453287420431,-0.8891500481217891,0.0,-0.4576157688771444,1.4740045358890121
680,0.03219056163097291,0.00428063042199919,0.19551521673049574,-0.7971772846882995,0.0,0.603745291308338,2.7637794260749113
681,0.07588650836790833,-0.02049947777449023,0.1690974722689693,0.9866724710890071,0.0,-0.162718882724508,1.138285147902706
682,0.060861205425704175,-0.013278841695422403,0.14176975909406553,0.9925417049204862,-0.0,0.12190555357954166,1.5785881058678866
683,0.03652697275741094,-0.02481952945411321,0.1882423823432189,-0.9967808430354589,0.0,0.0801745031635351,0.9484078041091163
684,0.04870592343079295,0.018669476391087857,0.12946649827476422,0.25789536400280505,-0.0,0.9661728526645017,0.26840918651492734
685,0.02195927420476411,-0.020616651389254722,0.18480984342509704,-0.9381071602071213,0.0,-0.3463451399516533,1.8940248218150444
686,0.05837291508748448,-0.015533100194110808,0.18541510067225755,0.997460491055021,0.0,-0.07122196841057032,2.9411597409155292
687,0.0633095346914704,-0.0033869615628582114,0.020943713805871383,0.0359412954153887,0.0,-0.9993539029212142,2.077488576230778
688,0.05411892720926296,0.010282904341615894,0.09771011868593232,-0.05053923870193461,0.0,0.998722076131007,1.3134205816601812
689,0.008757648812942366,0.004209963675828689,0.06019904949703641,0.7375538374460305,0.0,-0.6752883360969848,2.6593433532108497
690,0.067963323760428,0.0015553220434873234,0.14953744153332646,-0.804987496927591,0.0,0.593291774585028,2.7147966110259505
691,0.06591884450700934,0.021491155646150735,0.016298310663673054,-0.7199321752861743,0.0,0.6940444243618108,2.298900923472881
692,0.03867811340729216,0.009079714309744955,0.12378431764100184,0.8660162035194595,0.0,-0.5000159349878182,0.9717825665523481
693,0.006708007022758646,-0.013007878484771583,0.02542724626254174,-0.6045199034014925,0.0,0.7965900365881123,0.7490798933095697
694,0.04398752340623423,0.021119794995999346,0.10184343665787951,0.9211245738879739,-0.0,0.3892679274994263,1.854878589649196
695,0.02451431474385626,0.014374147471763505,0.13129268630799268,-0.6227443559245688,0.0,-0.7824253748211991,2.3902938826082747
696,0.0578738795914327,-0.024941568965428672,0.13533706533194392,-0.981461725535957,0.0,0.19165824090808564,2.073395562579681
697,0.012283933259295098,-0.002501557123007179,0.18606091471199301,-0.999750795099375,0.0,-0.022323702608823756,1.5724077620314483
698,0.05544392401781159,0.012973815665863015,0.09802390105441867,0.7707739792231212,0.0,-0.6371086822140754,0.8000375554558431
699,0.06463493517773797,-0.010378004943024257,0.020076081276098716,-0.07919894647522135,0.0,0.99685882996401,1.9643517395345318
700,0.01114811649826832,-0.0008421729613955621,0.04397120008553796,0.9949483773597521,-0.0,0.10038787969270174,0.10435217990851701
701,0.036525443320339974,-0.009185026426861457,0.1213725338384499,0.4641473084950158,0.0,-0.8857580233996374,1.9883142095563247
702,0.0436825932258269,-0.0020359193273490023,0.16376817013219508,0.5113264613183026,0.0,-0.8593865544420056,2.69744818969274
703,0.04003612120743795,-0.002187213200525514,0.048470289039509167,-0.3509340403377666,0.0,-0.9364001811897577,1.851767171725244
704,0.024494664203355738,-0.0003866061282416655,0.15975346063943383,-0.9994265644865286,0.0,-0.033860629035133476,0.7823178507972177
705,0.05888433167996571,0.023159489550977557,0.17406657314465113,-0.8675901259427397,0.0,-0.4972799748297343,2.558024603837981
706,0.018824994761377417,0.01102211026638659,0.10162059047687048,0.1742921989219729,0.0,-0.9846939775356318,0.3936499113505144
707,0.056162169142902944,-0.02071800957387604,0.11673588367368497,0.9415284317969106,-0.0,0.33693354258377156,2.16382971185298
708,0.01706148349211706,0.012091316492191216,0.13726919223150225,0.27355249717364527,0.0,-0.9618570742527512,1.9419609306539558
709,0.043286856959721155,0.0027910173833508847,0.1716952576892823,-0.015165041342214408,0.0,-0.9998850041485216,1.1257320796225225
710,0.11774837583198784,0.022041210233367886,0.010080237074234964,-0.06683345847002824,0.0,0.9977641448904321,0.8266472370287683
711,0.046209971302148156,-0.007408086022586641,0.09032636179814214,0.9993641373762443,-0.0,0.035655587587853595,1.730288276771133
712,0.04069499803941744,-0.0005372685899707978,0.15588783575184495,0.6930971165407498,-0.0,0.720844218290539,1.6129875869885506
713,0.07631135281054782,0.020445277378533168,0.07941232807711154,0.950382172324903,-0.0,0.3110847577863602,1.1820419415018724
714,0.012595621538971827,0.02322266636699972,0.045286524740823876,0.6137815231332765,-0.0,0.7894759286135299,1.4752232992211494
715,0.016594293597028336,-0.014146366945726954,0.18865645459616975,-0.2726580541118156,0.0,0.9621110047847692,1.1197312684511596
716,0.06928032567436974,0.022285354911160193,0.07372057749188261,0.43184393475262844,-0.0,0.9019483444285308,1.6732161363399116
717,0.031799313681020173,0.025868992760810682,0.16920002318848273,0.9557106401411541,0.0,-0.29430795490605677,1.94223662085814
718,0.004735867925673085,0.015961481957987286,0.1738048820548376,0.9422828567135996,-0.0,0.33481788772952076,1.8631117453084278
719,0.05779516380780731,0.02116923029690376,0.10248585168649275,0.997739401608032,0.0,-0.0672018338949648,1.8303508407170115
720,0.02497137455280818,0.012866606642513212,0.003938659171635677,-0.7506823736356171,0.0,-0.6606632833091268,0.2799095708218543
721,0.007225447323619155,0.022270146592020902,0.12333654208261341,-0.8866735298042016,0.0,0.46239598997456466,0.7580121289238756
722,0.05168949750230359,0.021606398934878698,0.09467433784354654,-0.07780491339212378,0.0,-0.9969686030422644,2.1911068250116967
723,0.026305942326871997,0.003949288224439924,0.07293053680667565,-0.48911238030667986,0.0,0.8722207744778461,2.2446664092500543
724,0.03034306251912025,0.02364273992401744,0.15291614014005572,-0.9905886113399247,0.0,0.13687294503896566,1.441321438998891
725,0.03873742165081647,0.010339409055897844,0.07226114792465521,0.884922273485963,-0.0,0.465738735653837,0.3909575355551986
726,0.044886443698829416,-0.0011456003818559662,0.018603798163298737,0.9960272204461068,0.0,-0.0890492904542341,0.9164774951357624
727,0.04408242446593199,0.0035865871149434398,0.14872977396036655,0.7629232029715085,-0.0,0.6464891231627136,1.2048612915408854
728,0.011333031891410435,0.008459114157146638,0.17460060307406142,0.9463575209728464,0.0,-0.32312140519954485,1.6725487928494878
729,0.055597163225720767,0.014796491002404363,0.1130390669382695,0.673003586107716,-0.0,0.7396392181909732,1.8201626996047837
730,0.058676994607751894,-0.0013352900603006074,0.1872437684664671,-0.6612680629603958,0.0,-0.7501496843354706,0.5386426678693081
731,0.05273967497795797,-0.015023903334191518,0.16474914675717778,-0.887089704809654,0.0,-0.46159707063706634,1.6804060217820374
732,0.03480663296904624,-0.004517612041365533,0.1033064234919371,-0.7441932832569272,0.0,0.6679643382361627,1.8028475038417815
733,0.06687610721928218,-0.000909886642979121,0.1261202890099138,-0.11555444130001066,0.0,0.9933011482404732,1.5303084777484226
734,0.01454151414447585,-0.02045711784664584,0.10742647900235,-0.25144898787730713,0.0,-0.9678705525510515,0.6046265189132467
735,0.043690211922111276,0.019775698445878072,0.08813684753712918,0.2912981161387876,0.0,-0.956632326201657,2.7408047559862383
736,0.11881546590178756,-0.007607026592476589,0.01405691847141379,0.2315244265019247,0.0,-0.972829090813466,0.7540850173021936
737,0.04702453563819819,-0.004433303084504867,0.007406923565925306,-0.3654745983864588,0.0,-0.9308213136441691,1.3209151884854065
738,0.02976742523145289,0.0274250401317251,0.035973047730390284,-0.9683084090917835,0.0,0.24975753218299407,1.4327703415396984
739,0.042088842450497675,0.0043365555544086585,0.08106041919125424,0.41480969123271616,0.0,-0.9099081932038082,1.2215813565789908
740,0.053594899273236005,-0.02049849117742768,0.04230077263605906,0.8137311592752993,0.0,-0.5812414304094966,0.7088323329959546
741,0.0402750553237817,-0.02145623001807238,0.13096762055666647,0.6103979570164557,-0.0,0.7920949021866869,1.1833972122368668
742,0.03908699813217729,0.008497938778368486,0.04659676433906857,-0.5193604232278763,0.0,0.8545552941644917,2.547889089670511
743,0.009706269363203571,0.019694274528125607,0.05704939853729737,0.6300439349969009,0.0,-0.7765594890113834,1.4004582069107445
744,0.03944603483182474,-0.0077496837201264926,0.10420605404828939,0.997827601312096,-0.0,0.06587926881613694,1.3862874646286891
745,0.03748774564764658,0.02338271401373509,0.04790448493974791,0.6320518850159208,0.0,-0.7749260704401558,0.6453098700019138
746,0.017232848467017788,0.013611542359303105,0.14536125137877398,0.7044854034995204,-0.0,0.7097184767611155,2.6218933147974
747,0.0524969236813719,-0.0007952495919654958,0.03134273514901943,-0.07810657947024192,0.0,-0.9969450146539972,2.2509692205377725
748,0.07563439306581454,0.0035087138076639306,0.1919137140978834,0.015972410933589583,-0.0,0.9998724329078028,2.200016930346515
749,0.06961142191516995,0.007996506239518437,0.10495699925955498,-0.6878751759501432,0.0,-0.7258290034929435,1.555182865225303
750,0.003315064201673819,0.017599406553207398,0.04593776002672578,-0.9715798146053919,0.0,-0.2367121962454671,0.8591585203223328
751,0.058002209782557705,-0.007932486528588044,0.15996065536349952,0.19913636322594572,0.0,-0.9799717898190459,1.9121843276514516
752,0.03744771749629646,0.01672776458651111,0.15715419077083498,0.44818295911752576,0.0,-0.8939418522234309,1.6443926214789042
753,0.044968883396405826,0.0025815292422027517,0.09046771277767293,0.6889594331383728,-0.0,0.7247999030695658,1.36469107251735
754,0.07911388263797785,0.010410675310383982,0.07031960623551053,0.9525669981376896,0.0,-0.30432895698396956,0.8917088621966157
755,0.02314997832789966,-0.02175011657599501,0.14631596594527127,-0.9610225841285175,0.0,-0.2764698768309968,1.292357950274594
756,0.021963153706197933,0.0077691686180749635,0.08507385494241025,-0.9746113471400634,0.0,-0.2239033765395934,3.0192514902181973
757,0.06346727010954811,0.023265668574991974,0.07553367245394335,0.9918456875229872,-0.0,0.12744462382561564,1.0959848020161111
758,0.04080287800947388,-0.02357506755507591,0.12335919864041668,-0.8214700895576804,0.0,0.5702516040855095,2.3805712282271982
759,0.012191363197246905,0.01816246432485155,0.13073337415565425,-0.9273629555471237,0.0,-0.3741629974742339,0.7647922102013265
760,0.06611018049044498,0.02640363147053,0.14123235069296733,-0.8702463059823735,0.0,-0.4926168561103377,1.3832575468306172
761,0.07688790204654015,-0.018352901771701454,0.11064250644999789,-0.9880302664317402,0.0,0.15426014590562442,0.9856360942387905
762,0.04020229145161836,-0.020647563975470826,0.0631746907607474,0.792432075206895,0.0,-0.6099601677021986,0.7440922942764504
763,0.009488761267715173,-0.019446382983119216,0.16227304072184,0.8668238747986565,0.0,-0.49861445033115825,0.7606275233756336
764,0.06084554200386045,0.006518557896887844,0.15278684482787042,0.8446919630869661,-0.0,0.5352527323576102,1.8285498008553611
765,0.06879198130590819,0.009460895222488771,0.05666451096526988,-0.9987962748030639,0.0,-0.04905100854745575,1.6873498197145256
766,0.07477614521450525,-0.007886149239962717,0.1767170750389561,0.9709845865965745,-0.0,0.23914207616368852,0.31296629793191094
767,0.021143932518064897,0.024007090649887333,0.16590046032635883,-0.37746034451691696,0.0,-0.9260257492732966,1.7181795003322384
768,0.057961921686354334,-0.0023947980418410203,0.11126463006207009,-0.6353904843436744,0.0,0.7721909947710546,0.6676221443338403
769,0.051456154364447004,-0.025501995683777395,0.012890815573299675,-0.5388116791044016,0.0,0.8424262427421735,1.8878642326981092
770,0.011466252064563176,0.0035396691283622705,0.15208851610592725,-0.9383941560315102,0.0,0.34556679227887316,1.2942845769363065
771,0.04319138901225801,0.02512404131613255,0.03418477516141148,0.9961324831313614,-0.0,0.08786396332142025,2.1028838017287144
772,0.014516582848908709,-0.0004585119378022275,0.10428676915813992,0.7025068309926101,0.0,-0.7116770000560088,1.0574183158517594
773,0.029671942243591067,0.008880914621881364,0.18315121515267882,-0.9821514480729946,0.0,-0.18809182079005965,2.106877434520495
774,0.07270880185637887,-0.004723349441979046,0.05151482839798691,0.13802641362534987,0.0,-0.9904285482263341,2.6472088866194947
775,0.007369609341314377,-0.011064391966441791,0.057104436932753355,-0.9078066976439731,0.0,-0.41938884071079424,1.0843875348302066
776,0.04196056670073262,0.006691062026864146,0.12519105609739908,-0.9971262796606626,0.0,-0.07575739178513266,1.2345097309904423
777,0.0452661856384712,0.005530314027548297,0.0731324595256326,0.9978712356925892,0.0,-0.06521500576819168,0.8780604600313995
778,0.12222939609960469,-0.01901223228478265,0.004364380516360825,0.1928601266675116,-0.0,0.9812262590971521,0.9297509367989301
779,0.09134874499395577,-0.004352297751900956,0.007835468035421653,-0.6344170058647464,0.0,0.7729909848566219,2.4171129574810406
780,0.05465901799974632,0.024833896814596898,0.07039332613340962,-0.9973051814941103,0.0,-0.07336467109583156,2.133229470236903
781,0.05256285764931415,0.008932995103317116,0.1686917129323745,-0.5236368534512914,0.0,0.8519415741162247,1.4665515045452486
782,0.06559870238251855,0.010231757056294973,0.16513496624716864,-0.9701358852952684,0.0,-0.24256208290325587,1.301123681279823
783,0.041749699337999914,0.011930045913802976,0.12433921491191344,0.8117493223211631,0.0,-0.5840060254065299,2.505854614637446
784,0.033823682606066066,-0.01656281308127857,0.1294423412873378,-0.8881679538596405,0.0,0.4595189721184309,1.1655644195573127
785,0.02006352332024032,0.02825897788978546,0.08277467317916044,-0.1619603925371927,0.0,-0.9867972594455249,1.4615320219702916
786,0.0680411257677608,0.004407257688876129,0.15037301788118396,-0.9956545935551278,0.0,-0.09312319975480587,1.5139034052835745
787,0.0412809681280271,-0.0050562708359263246,0.06283189396437905,0.9999999902956087,-0.0,0.00013931540679518593,2.0808132639686754
788,0.07377182031093832,-0.014274208975489176,0.16253925016565263,0.761376691991849,0.0,-0.648309750729965,2.4972902372313257
789,0.024333196275905796,-0.01198640664705233,0.18050563874673098,0.557739416867116,-0.0,0.83001611000795,0.5198340575755994
790,0.01357484722296507,-0.012079185886278793,0.04245087698977455,-0.5942774055153515,0.0,0.8042601353380276,0.9447596467837812
791,0.043699591370124226,0.014259139799574045,0.035542526729198,0.7060606003764216,-0.0,0.708151416433016,0.23337192030958495
792,0.045129617681116216,-0.016905438908848512,0.027946623484420126,0.9518265248174309,-0.0,0.3066370275325091,0.6085509681497707
793,0.0785000147546216,-0.007913956325385317,0.019440514341142804,0.5825260360543804,-0.0,0.812812043044867,2.3667639640547096
794,0.04511585013112198,0.008018124272086211,0.09805801579533459,0.6323090993651123,0.0,-0.774716207949776,2.8132990267699878
795,0.012857760920511073,0.01246862866029496,0.04420441060125633,-0.8203081576711132,0.0,0.5719217835143404,1.7428427914806874
796,0.05520531988509834,-0.007394194208391808,0.15315903090374638,0.13612413622726854,0.0,-0.990691788366281,1.627363809407972
797,0.008814978328892234,0.02176144742489721,0.1449870691278786,-0.3888674398789866,0.0,-0.9212937176611826,1.5328367169157697
798,0.06966572457463095,-0.013924671857211387,0.13982663005851595,0.6334696481084682,0.0,-0.7737675393329274,2.1668509006150685
799,0.02447928192325471,0.01884733293246465,0.09994355463026414,0.7052396687692561,-0.0,0.7089689764681032,0.496585749806869
800,0.051661124769245455,0.014225922452333452,0.07763257330822267,0.892098858561581,-0.0,0.45184026663537236,0.6488498584133268
801,0.02977989747633782,-0.003049877418895326,0.14803917694881757,0.9117048118888483,-0.0,0.4108458786196104,1.3947027399272196
802,0.024959417905601623,0.019237402746216294,0.11261787412742255,-0.4506211782410763,0.0,-0.8927152702405309,0.2830223798870138
803,0.06275699077441106,0.009176964210621589,0.07830149178464105,0.45459797357527804,-0.0,0.8906967398734827,2.6104669345388483
804,0.03352666059028928,0.00233176550867704,0.0918630995529739,-0.9827800785908931,0.0,-0.18477910359366415,1.900763947560325
805,0.03722997670274008,0.015802990267423222,0.18694270701787444,0.20633147619048062,0.0,-0.9784821520769079,2.3933201246605704
806,0.018853972854344175,0.0005304368036935451,0.05907644965018238,-0.9911381129702741,0.0,0.1328353906823188,2.040060898777269
807,0.05586837997478725,-0.01891033748862866,0.16657928300231414,0.38341829769511426,-0.0,0.9235747988076443,1.5654487816702582
808,0.06909976357090442,-0.02056938606050534,0.0437643091134877,-0.9863217477556832,0.0,-0.16483145908525632,1.5758930660825954
809,0.05775800062993087,0.01847879557776036,0.13903688550611612,0.13452675383293228,-0.0,0.9909099618548466,1.3444875550017512
810,0.04911432412046689,-0.02309679750063319,0.12780481855814382,0.2451099850313205,-0.0,0.9694952786052885,1.6816180269206302
811,0.03656862865581133,-0.0016761036525799152,0.1769543486280149,-0.7213936388715041,0.0,0.692525247045716,1.041206373190308
812,0.009346231761445854,0.015018528428152983,0.04205273809813772,-0.7667259319587062,0.0,-0.6419745674573515,1.958314294418177
813,0.05782806243593079,-0.0041872313372831,0.03789159164023475,-0.8887502162217806,0.0,0.4583918118441235,1.858373935891064
814,0.00870611900382216,-0.021138146540644605,0.020308521576272852,0.5757836159274521,-0.0,0.8176021206121645,0.5019249805247015
815,0.04023584098273069,-0.019942985311076824,0.19146478485639634,-0.9487675468620342,0.0,-0.31597490726543087,2.353635928764082
816,0.05736662005786732,0.026568336719375845,0.1677449097702623,0.6230531018640372,0.0,-0.7821795396567222,1.7824401863020403
817,0.046171857280568086,0.01738755572721797,0.0646071516739621,0.9492543124665425,0.0,-0.31450953922523844,1.9854978097482423
818,0.06076344565470878,0.006442824345375222,0.1311652679540959,0.9754420866732021,0.0,-0.22025606812669124,0.6408302960118519
819,0.041868213025158106,-0.02305272817485525,0.07475233850349292,0.3611530969963688,-0.0,0.9325065364542661,1.7607081690381907
820,0.03195438668185048,-0.0011599337634725579,0.18160131218956238,0.24749116971415155,0.0,-0.9688901490434925,0.6271318891938165
821,0.0468489404138218,-0.000655006853858318,0.06752406302222023,0.9948381280444505,0.0,-0.10147462238911589,0.7634979817715316
822,0.05227561815091007,0.0027606180916884696,0.17830134021096364,-0.8078300878773494,0.0,-0.5894154299982939,2.1017240390854015
823,0.0032280859700546008,-0.01493883510722585,0.16192909812879297,0.9992526277115396,0.0,-0.03865470232175397,1.812095747291686
824,0.02985785873513113,-0.0016364009217666676,0.1609733532828626,0.796904064539199,-0.0,0.604105878071803,0.8996079175446791
825,0.014993147698330885,-0.005732874888335835,0.1535716121480889,-0.982416917210095,0.0,0.1867002966773575,0.6234921907576091
826,0.07951739385250552,-0.01710401247612951,0.02686302598239979,-0.2422093086548626,0.0,-0.9702240209358526,2.6315347510487785
827,0.06667703630325705,-0.009124461172866593,0.1282404635504125,-0.9823513931269102,0.0,-0.1870447551299383,0.795936337051685
828,0.018183847161531572,0.021308761699320167,0.139253199284498,-0.34275207770333693,0.0,-0.9394258955500671,1.6701717991056755
829,0.045902111849875825,0.011269833302704597,0.03136370932075318,-0.3673126672892555,0.0,-0.9300975241601565,2.1521024460555256
830,0.06279315267575436,0.016200977277677348,0.15621352043755807,0.8615433902407738,0.0,-0.5076839437410187,1.6214965069295602
831,0.04148103431939385,-0.007254586306805459,0.09904728735843267,0.8274597188993654,-0.0,0.561525078334871,2.560620671893733
832,0.0985206105152873,-0.008187918689785613,0.009947870526943731,0.9842541075497581,0.0,-0.17675930462476178,1.7506386372212541
833,0.01862631730944228,-0.018856484786506433,0.09706975943238451,-0.7923129743962678,0.0,0.610114866728667,0.8238530657042923
834,0.04836240857286738,0.018240290097650914,0.14874017514777504,-0.9591091232016355,0.0,-0.2830365520412331,2.6840173003921404
835,0.033963157396502554,0.005776038874610572,0.13180574839975287,-0.403096114310307,0.0,-0.9151576490572167,1.0107485928332542
836,0.04496163353519697,0.0011913149938485002,0.09373811718308672,0.9058709457811006,-0.0,0.42355380955629973,1.330960772847675
837,0.008758314019218233,-0.011178971233855164,0.012463584003852122,0.9395707194222008,0.0,-0.3423548790428554,0.07464326005472177
838,0.07684130928197466,0.021421596563500105,0.14802027714228871,0.9494105193547572,-0.0,0.3140376820359783,1.4302652758848415
839,0.02557388887903536,0.009027572325512802,0.15617789563086518,0.273222297441425,-0.0,0.961950921919008,2.131956608348655
840,0.110040659862162,-0.013780741809973407,0.00862972866244275,0.6101723405038157,-0.0,0.7922687138112268,0.4883426087060968
841,0.06786809660799985,-0.004712418993425824,0.12171513124215566,0.0014492567031628033,0.0,-0.9999989498269527,1.416614203477322
842,0.05378126358383679,0.011575375290570433,0.1736207130467929,0.3220001002083546,0.0,-0.9467396344644126,1.826848062639829
843,0.035534060466634675,0.019817916183339536,0.11847697518795464,-0.4425199359046633,0.0,0.896758666714146,2.119247722034953
844,0.030755839612414126,-0.013697823006826168,0.10649894815314703,0.8921700306931963,0.0,-0.45169971920834884,0.8320766836011053
845,0.04962554796507695,0.003799940961413253,0.13213472641194055,-0.48968781632871927,0.0,-0.8718978395082824,1.8705827531414032
846,0.046787060685221135,0.02696369454076683,0.04002809995469399,-0.7440578152361226,0.0,0.6681152352596429,1.8241533572315056
847,0.04062132999838428,-0.016863371197139335,0.1940252352457433,0.9954925621805893,0.0,-0.09483964700021559,0.5178438149668586
848,0.06544978838886092,0.014552200000424027,0.06456868108996332,-0.9483781222764679,0.0,0.317141825036309,2.116852109245827
849,0.0741619073751712,-0.01170480176560761,0.19047008342167235,-0.4496122264573789,0.0,-0.8932238497823705,0.18906684954508582
850,0.04558127444543741,0.001594848055943756,0.0696181982665089,0.07124626617723007,0.0,-0.9974587558169026,1.8412244240323605
851,0.039573668888166484,-0.022518627089460914,0.09161086222970133,0.11046280269005994,0.0,-0.9938802589959502,1.8814740736251228
852,0.08266655192901408,0.012361485977646974,0.13570772424794833,-0.9993322806544419,0.0,0.03653755385889414,0.02599746515186021
853,0.013224905021263503,-0.00845520405995682,0.012767641338375726,0.8353768143062772,0.0,-0.5496777038588119,1.4365386891878933
854,0.06752517260149396,0.006177641546028592,0.03529613708148076,-0.5585225977195979,0.0,0.8294893054383233,0.6890280803603621
855,0.04914142780365789,-0.010390157859539886,0.09398266786598523,0.3466533045914046,0.0,-0.9379933296222629,2.4124301341109113
856,0.06098596213682183,-0.003329276525955151,0.13916266287300041,-0.9984489841398944,0.0,0.05567428553662006,1.8664802859357068
857,0.019883366951372706,-0.02314363277082387,0.0904100294309006,-0.7195290101852534,0.0,-0.6944623845118104,1.559916713779148
858,0.05499501876485331,0.0038436781657661327,0.1533772253981111,-0.6120318235615521,0.0,-0.7908331347053695,1.3404647316714786
859,0.04628918075405317,0.006015529032451691,0.04710967278554775,0.8040905551321433,-0.0,0.5945068369222356,1.0476512742415545
860,0.07632931838469842,0.02089296526383763,0.1660922194932562,0.7804402591535495,-0.0,0.6252303590616346,2.1516118028767743
861,0.07317635093338429,-0.007036629841473399,0.1895239817012059,-0.8893605644436515,0.0,-0.457206503029506,2.4870098233854736
862,0.060098928225669104,0.015939668782919365,0.044582399140499315,0.6131005900297616,0.0,-0.7900048522035533,1.759619482821695
863,0.06485158844434402,-0.0019597736241155836,0.02655996276318537,0.597586705745118,0.0,-0.8018042960203554,1.0758823561971875
864,0.05337033246977451,0.018008845726985575,0.0727434217392111,0.6701105669607359,0.0,-0.7422612936477027,1.4939856464612682
865,0.033494465274941945,0.02091624118093862,0.12625371050978848,-0.42477512900636805,0.0,0.9052988952702987,0.6912058295201321
866,0.007366280100069786,-0.003416889382881088,0.018335113672431746,0.9919771250715638,0.0,-0.1264174961575931,0.7737207588709412
867,0.043233009073375975,0.014334978086836194,0.09050006869343395,0.9696028137184766,0.0,-0.24468425292448498,0.7380403416094102
868,0.06702125933913393,0.012787718677762135,0.0820421552865167,0.8313252686333783,0.0,-0.5557861978599697,0.5067559249940643
869,0.05143802056516579,0.006611402939069074,0.06363510156503131,0.40131908895597745,-0.0,0.9159383106080585,1.7935348286722812
870,0.010278232596680814,-0.004459411312707123,0.12706668000439042,0.3703857192901298,0.0,-0.9288780430960423,2.3354324706715563
871,0.05673147578726,0.019321790457187404,0.029509674799418937,-0.028923311153509632,0.0,-0.9995816335207032,1.4401480653621264
872,0.011114435896909435,-0.010526302111326238,0.16635983457413792,-0.6868773799829232,0.0,0.7267733242681619,2.605934161170987
873,0.0714750236271123,0.016860038793977156,0.15029236572966506,0.9986503973165103,0.0,-0.05193634507333291,1.1692254272660465
874,0.029623253443339347,0.006793171138241512,0.02480084412694773,0.999118479721183,0.0,-0.04197932204826641,0.4181963065940273
875,0.007909951413829743,-0.025405418555424282,0.050957984002789065,0.9906943340369003,-0.0,0.13610560791966805,1.7845259946457839
876,0.07312200850962076,-0.02146922594390735,0.02819272409828678,0.9988825449957115,-0.0,0.04726162611347915,0.9658728443216376
877,0.08041267345186033,-0.018702888248759333,0.07168173809730007,-0.5777270419015516,0.0,0.816230031949133,0.4004705893985595
878,0.06404570420389016,0.013723393029304911,0.1412524974863278,0.9646087325051901,0.0,-0.2636854056915753,0.8535743659243761
879,0.008370456327711556,0.02161586344544384,0.014711790624906724,-0.8029215443884632,0.0,-0.5960847201169018,2.1927716111642317
880,0.07626374448210647,0.01713298219565316,0.17616647113851094,0.5662095853964595,-0.0,0.8242613089337443,0.0709774663443321
881,0.024229107922981715,-0.016495629241665723,0.030235944063821445,0.12301998454490361,-0.0,0.992404193563576,1.922732532359555
882,0.020724507653150488,-0.020373154403842558,0.14345554063287255,0.8747299719561966,-0.0,0.48461064387971464,2.036610414730207
883,0.06230334957265391,0.010060559672113237,0.009610686623490211,-0.7471766796334453,0.0,-0.6646254655156841,2.6547651252954396
884,0.028584425187968887,-0.021608358349511785,0.06241358420680295,0.014018933117000093,-0.0,0.9999017299286271,2.1215679962906893
885,0.055148951987030424,0.0003897296920058839,0.08485501866005961,0.4078099997360243,0.0,-0.9130668125144534,1.9489828898184838
886,0.027135925986807002,0.012991073024906045,0.1867721930989442,-0.7290723196214349,0.0,0.6844366681891176,1.4172614217606552
887,0.026956637328442636,-0.011717052214628397,0.08370383876033108,-0.9933505314281065,0.0,-0.11512915230947583,1.2545339139352114
888,0.04057424467805945,-0.00822060835294834,0.11638880652387715,0.8734856456654593,0.0,-0.48684990173193593,2.652851678363812
889,0.06714403539456561,0.005364787798300158,0.15518213328379163,-0.7700113397504922,0.0,-0.6380302004260081,1.6774525736781554
890,0.03985687366882701,-0.013074004817202448,0.06235384341371577,-0.9212947608842162,0.0,0.3888649682952873,0.9588051159717842
891,0.01841374447834488,-0.004037421826523486,0.10282504094959392,-0.8486664874642308,0.0,-0.5289283439702627,1.6656613606197042
892,0.008934609929322457,-0.01625471631018156,0.0629324342652607,0.21480100705077104,-0.0,0.9766578353599457,0.4467807412538283
893,0.07817382368074301,-0.0040297313399562966,0.11443386486675748,-0.98354847203482,0.0,0.1806444108129866,2.2329178755922365
894,0.028590125972470303,-0.008701681118327836,0.10169724889847354,0.7745051470026812,0.0,-0.632567606874044,1.181839817125571
895,0.04370196395788319,0.0022612124848705078,0.06788891477934915,-0.9991515282868355,0.0,0.04118523427250156,1.9823620727430962
896,0.07817916800567933,0.004401194981224095,0.1525506171478159,-0.8544435612359914,0.0,0.5195442239717005,1.4352638349481754
897,0.06241502276633813,0.019096687243379002,0.009746360379199147,-0.5661967501630437,0.0,-0.8242701256898785,2.0849523695129304
898,0.06843806537884811,-0.007642462464464625,0.12039322628793943,0.33471867807355166,0.0,-0.9423181026323828,1.2035199340224283
899,0.043081188731798364,0.019257564536520833,0.1092074623131755,0.8042294405694222,-0.0,0.5943189437679016,1.0546045151403705
900,0.0765522931000047,0.0018379943708125314,0.17494668894634863,0.1997385831676604,-0.0,0.9798492222756395,0.8457649430285991
901,0.02123676882927636,-0.010511670510535797,0.02149595750154073,0.7927993412994535,0.0,-0.6094827351411627,1.1052838641924037
902,0.058496353520151166,0.025855551193459888,0.010862292174703376,-0.0833833267414002,0.0,-0.9965175466701712,1.0776606103336175
903,0.00580635083629657,0.00025978287847782755,0.11406650712869452,0.8955346698171255,0.0,-0.4449917472892416,0.5557513226444519
904,0.03431264597780901,-0.025020909828341195,0.06004367889558383,-0.5180654723713647,0.0,0.8553409649587904,1.0447835594222659
905,0.0076058502251398555,0.007045514333374361,0.14352241932123389,-0.495494291978556,0.0,0.8686111941580477,0.7033359921834054
906,0.046473464735042956,0.014600185001120041,0.03640157080331095,-0.35872520362224775,0.0,0.9334432110665206,1.669449701233781
907,0.040355351609805856,0.009870123703151905,0.060129974815116734,0.6272923278590673,-0.0,0.7787838823506509,0.7959567921528562
908,0.051605064271883994,-0.00019055950221851068,0.18891854756285514,-0.9432392841977074,0.0,0.3321139153155079,2.4474521359205603
909,0.027491152358222356,0.016913522444622523,0.09438276817279624,-0.7978270023948573,0.0,0.6028864522027646,2.007341383300158
910,0.04991249012880405,-0.007229755949370367,0.04955662085419481,0.12164942684808096,-0.0,0.9925731292693417,0.5480042399759217
911,0.055677200695533724,0.023291382993070965,0.06382604238958865,-0.5065680645005182,0.0,-0.862199974500231,1.1895517324351932
912,0.005618966943589769,-0.020962262040868176,0.06722865210123843,-0.9746120418190762,0.0,-0.2239003527046159,1.9551866156878248
913,0.06919619299181536,0.0028011666170834615,0.08527377829298055,-0.921710474140093,0.0,0.38787859165007404,1.7415868260191116
914,0.050863531776939794,-0.0214588287180145,0.005687319113020946,-0.6553878523438417,0.0,0.7552925016178347,2.2070271628299953
915,0.056946619050840835,-0.008264439643538698,0.13858667768346736,-0.3723579481634211,0.0,-0.9280891974586964,1.8756135660607725
916,0.015362628333410398,-0.007291921732800823,0.18798880715309305,0.991407874017463,0.0,-0.13080683214639188,0.52996478418926
917,0.010081762013482518,0.008032545132652162,0.13737058898920335,0.30216074940159643,0.0,-0.9532569860856336,1.1553445281503631
918,0.07522999651750426,0.01014481178825458,0.04690628707059528,0.8743872821140666,0.0,-0.4852286892560825,2.2784556378621925
919,0.020578655578049575,-0.006478082215247993,0.04283374968099931,-0.3925732191711544,0.0,-0.9197207552238869,1.0760289073990206
920,0.05175545795716001,0.01942665613421234,0.11247031985969902,-0.4622866915289741,0.0,0.8867305198509833,2.391802646951335
921,0.01981207031686848,-0.012473080550069916,0.010425258048091036,0.7008533448553528,0.0,-0.7133053967306457,1.857682817123004
922,0.04488383956065972,-0.006022121711324851,0.06649644583585379,0.8792985376721476,0.0,-0.4762710170140767,1.4400796640422784
923,0.012627840641675983,0.012786877793189573,0.13401688246648008,-0.8412223377092595,0.0,0.540689354934022,3.0406279996887116
924,0.06618017203741275,0.014034800347997263,0.1506250910501005,-0.9596036292415253,0.0,-0.2813554242350649,1.7917769649644564
925,0.0626985861556326,0.01306218696845645,0.023984523779979967,-0.8258748087460349,0.0,0.5638535273266457,1.592606988403466
926,0.05044765587606546,-0.014804867566036939,0.13585392448081673,-0.06608745156273964,0.0,0.9978138347136416,0.7214365411459992
927,0.020620024595997318,0.021446269501526415,0.174645341388037,0.36199640388399695,0.0,-0.9321794910718934,1.3114273309440323
928,0.018188886600957483,-0.014115965137841932,0.18696742791640925,0.9999940187655816,0.0,-0.0034586750442680125,1.66859923277841
929,0.07282840193464124,0.010024913994181036,0.04919764530229603,0.9024254968014289,-0.0,0.4308459385008688,0.3039884353796632
930,0.07634395092805475,-0.00713316072209161,0.10049561944714532,-0.10427242750045586,0.0,0.9945487724909031,0.5318052404279219
931,0.018135192787121817,-0.010664023569811096,0.13351628527824802,-0.2960374838449051,0.0,0.9551763230727495,1.052088354630092
932,0.03740742111261127,-0.0012877044180739986,0.024830307490083667,0.4181363771666637,-0.0,0.9083842634534889,1.8171196583125546
933,0.029136307493152696,-0.022017931362987794,0.15497573058166617,-0.9564825653863268,0.0,0.29178948252463,2.357983648797096
934,0.01931798424951607,-0.004962553483304736,0.18032098393172918,-0.7413379671037629,0.0,-0.6711318935428864,0.7197307486552359
935,0.054797406198954915,0.005312684641914129,0.10831053631403174,-0.6534547418956625,0.0,-0.7569655872588086,1.3162890098548234
936,0.12761935444677872,0.0030385243721710786,0.008736937154849137,0.9935682224085095,-0.0,0.11323509800408492,2.0707374200202797
937,0.034467828398077494,-0.009052660866793499,0.07310516192501504,-0.17400764583822234,0.0,0.9847443014254206,2.3099995994340974
938,0.01713792925355279,0.026067090987668653,0.05667708539305085,-0.988498011594253,0.0,-0.151233862194312,1.5584866268015696
939,0.029064208420671336,0.002936515987364828,0.1599459052264333,0.9981953625344228,-0.0,0.06005013084725489,1.4841538638871419
940,0.049109483041422465,-0.017378940235408976,0.01969812431015759,-0.9957434551755625,0.0,-0.0921681695328307,2.047669032905517
941,0.0636135831923537,-0.01428178420932442,0.030869611809187097,-0.7015460167048488,0.0,-0.7126241551095218,2.4257218814214214
942,0.04357746117013406,-0.008189027192581473,0.08624155959550665,-0.08876387166870077,0.0,-0.9960526969424772,1.338421392416575
943,0.024046157723922237,0.017951153311000136,0.1349621539977149,-0.8338279024871476,0.0,0.5520244822776286,2.4173293229481874
944,0.04280111793082838,-0.0005519070013342802,0.04408116169822287,-0.6147148952634426,0.0,0.788749388298498,1.2974187171074596
945,0.07646808237766166,0.023592230281378013,0.052014649131310875,-0.46157337834594026,0.0,0.8871020326897665,2.302220478074577
946,0.026293251008184755,0.02014904934792048,0.03726930688151459,0.7647868718175684,0.0,-0.6442833543523363,1.4037430138813212
947,0.07797054196042968,-0.006558246804143217,0.06409931984228312,0.383447830838312,0.0,-0.9235625376905415,2.5225693904655455
948,0.07114105502598644,-0.015350699121974452,0.08020647056539318,-0.3023255300828989,0.0,0.9532047386894875,0.5884478926915556
949,0.04251068729296729,-0.022973489976699797,0.023970991019101322,-0.2870179806496109,0.0,0.9579251947745291,1.5787013180446914
950,0.07963613859226984,-0.00928810513889024,0.0945806430386258,-0.8570270124323368,0.0,0.5152714818047892,1.9675542593140602
951,0.02520799060428141,-0.016809604927733608,0.021620995399669128,-0.1646382842141534,0.0,-0.986354011180073,2.071983969681769
952,0.05749760333133655,-0.005914004306445496,0.0757260318909129,-0.9285435725507156,0.0,-0.37122342851004686,0.44242166851976145
953,0.031164475690368117,0.0019805382048077315,0.17734487150925696,-0.265133935030011,0.0,-0.9642115932177449,1.2013075556286792
954,0.04713887118698777,-0.003969595190288793,0.18927821467355785,0.37866507209206113,-0.0,0.9255337720350966,2.3016871587928365
955,0.04082855658402653,0.02081791250234527,0.008982507138569337,0.20919584140007533,-0.0,0.9778737648290369,1.5381873232897632
956,0.0346361870781063,-0.003665897941651852,0.18101629580917347,-0.9523961952766995,0.0,-0.30486306306679195,2.1994713020487433
957,0.04429031204380931,-0.019869043057454416,0.013220022322251567,-0.7030824875028119,0.0,0.7111083010110755,1.8251921939579239
958,0.06368679814946793,0.008121207116318202,0.17796845377750947,0.7640787444243718,-0.0,0.6451229900715642,2.383532718869101
959,0.012581162144433382,0.0054911914881684626,0.10190008772235916,0.43609172665090046,-0.0,0.8999022202143053,0.8713376711005545
960,0.04947165484548183,-0.016058465418587353,0.14162565457677892,0.5187471546130653,-0.0,0.8549277101491379,0.61392549673803
961,0.049166372330713005,-0.009210018950181599,0.036212544532086284,-0.25556182462885885,0.0,-0.9667927150079112,1.0753967290115165
962,0.0566349286932817,0.026116562459144083,0.12088765819034038,0.6933197876252859,-0.0,0.7206300521677045,1.296964143582452
963,0.07395456433957621,0.011026936808394413,0.13713592080049372,0.8005476023887691,-0.0,0.5992691684957547,0.8567027330752288
964,0.06492611932870064,-0.011443741570451638,0.0952851385231449,0.22033977128204535,0.0,-0.9754231826194085,1.352163989291151
965,0.055174195343467285,-0.007818256896298753,0.15013538748328314,0.05838552901362107,0.0,-0.9982941099705035,2.089928441814224
966,0.030914185768666277,-0.010224627856481658,0.11934129537362288,-0.5006656058605798,0.0,0.8656407748646424,1.4701917774298379
967,0.019496043438534248,0.01315931856691793,0.06847114114857238,0.7775898685808026,-0.0,0.6287718157491555,2.84610595991337
968,0.03424310224819706,0.00046032229022026545,0.09941354561913886,0.5594529243862604,0.0,-0.8288621268918378,2.0808409848837104
969,0.014279079775246954,0.0035037726285296524,0.03458762993491647,0.6856793410865811,-0.0,0.7279037307275406,0.5134395365006621
970,0.07010778554090011,0.0054497278775145165,0.0353307369280304,0.6892056193664711,-0.0,0.7245658108368619,0.9799328538847082
971,0.017309138115401353,0.02054403829609419,0.07123633877147699,0.9810283854189886,-0.0,0.19386414573667904,1.8893857296493932
972,0.019228013701879206,0.0027467325839464272,0.08234870360371328,0.9424586275098825,-0.0,0.33432280124482755,2.0574374534886912
973,0.01496529370947744,0.020292185259364128,0.08314411831346948,0.9961678655564052,0.0,-0.08746189817741089,2.5627156420948545
974,0.05314559979425399,0.012213542789234212,0.06317420816351221,0.9585743968357386,-0.0,0.2848422822036782,2.632031094317989
975,0.03243015040015687,-0.018832082939850416,0.1473529341393373,0.5412221521452886,0.0,-0.840879647766089,1.400651764572685
976,0.046072310208008206,0.010495036061941737,0.18159278650554536,-0.46034880709182446,0.0,-0.8877381234402035,1.704632136418691
977,0.025281476656170844,-0.009761524066065326,0.010323095428960448,0.9211550620336278,-0.0,0.3891957755292613,0.7271920468585449
978,0.046317983562980725,0.00820393254615083,0.189864132730939,-0.20764623868808602,0.0,-0.9782039866810451,0.7896338963570607
979,0.05068187329134688,-0.00031276057096905197,0.17221326036158918,-0.7882640973548232,0.0,-0.6153370725231708,1.696136416648643
980,0.07835754618121504,-0.024090297438849634,0.01838237320825569,-0.8734858905264611,0.0,-0.4868494624123511,1.0797131846449737
981,0.03701011135645844,-0.006026154245552473,0.006250810240399626,-0.588240015819765,0.0,-0.8086863939676261,1.617895040063238
982,0.02930744805939229,-0.01450177802863851,0.08117424109051985,-0.7818955080865712,0.0,0.6234095078149217,2.602659323392483
983,0.06656816990406707,-0.018885851710568866,0.19499578490193922,-0.31511765734838876,0.0,0.9490526128868007,1.0250249391945265
984,0.010444513735642492,0.01882340191415487,0.03687658431382868,-0.4170777646390963,0.0,0.9088708039340107,2.4535244451618263
985,0.05864192600862188,-0.019001790547143984,0.17900524682769592,-0.9975531003669248,0.0,-0.069912888284893,2.0755776340050427
986,0.01037657294984897,-0.0007138808316949096,0.19503332209769708,0.3484709306457457,-0.0,0.9373195882381249,2.3943587617320836
987,0.008726443074182135,-0.018227284891216444,0.14143426129709533,0.8039220757411878,-0.0,0.594734643463772,2.859293371064762
988,0.020315920936915546,0.009508964489249263,0.1886278150259777,0.7836132190875033,0.0,-0.6212490023101209,0.7227352169831744
989,0.0710250258329489,-0.02407907423180642,0.054677836950613054,0.8385416439429866,0.0,-0.5448375091468955,2.0934356474354527
990,0.0562512799455003,-0.0038514009312412894,0.1103614762229198,-0.9497499461747526,0.0,0.31300964799995307,1.4307730105107577
991,0.06107798463122766,-0.008235128009649848,0.05697261217049705,-0.9694184010616329,0.0,-0.24541386204350205,1.1144540520303365
992,0.10569416896559079,0.002762307056016312,0.011917335023340282,0.969212833364485,-0.0,0.2462244578460616,1.914015529808132
993,0.07133729010443123,-0.01484334992667335,0.0424008760894829,0.27783216604641026,0.0,-0.960629630768258,1.242325438938562
994,0.03257055715589956,-0.008400233168213984,0.10846893361689179,-0.8891649241858433,0.0,0.4575868634451644,2.7893761289912162
995,0.0523024286667842,0.014553153233927906,0.0523707615813102,0.7551363724446037,0.0,-0.6555677379273669,2.32154441296242
996,0.02254030373722249,0.02351683860404567,0.1384176312852826,-0.942968363847457,0.0,0.33288235877386174,1.2104302799454634
997,0.047997306993341954,0.008131825026008184,0.18305699865180436,-0.9990778861419345,0.0,-0.04293457141004066,0.3792330932422601
998,0.007683005487889879,0.01634832147840231,0.03932014231034369,0.18713759534347255,0.0,-0.9823337113267887,0.2135322897390451
999,0.07445909369292203,0.02212998387045317,0.0794286266274685,0.46714629304850197,-0.0,0.8841800387313904,0.7042314262781462
1000,0.023021267366647363,-0.016589079574951985,0.17912096003979716,-0.9334927202797497,0.0,-0.35859634853789724,0.807798867820094
1001,0.03573379851614305,-0.011112489026311848,0.05501316885169708,-0.9981865714234478,0.0,0.06019608483865307,1.572257809391034
1002,0.027623380274109363,0.008210521806682707,0.1587433711443424,-0.2581931394731993,0.0,0.9660933198863209,1.9160581902703224
1003,0.050816488426235415,-0.010910909718340621,0.10012604435547884,-0.9622546525931778,0.0,-0.2721506633517225,0.6830673820037957
1004,0.016546142020051533,-0.022287840942550558,0.124202945804135,-0.8291037336069658,0.0,-0.5590948031586322,1.070021941869586
1005,0.01096381743650122,0.012998795094373385,0.07113662257634285,-0.18179451354731233,0.0,-0.9833365420058873,2.3709405885589843
1006,0.05937245248559004,-0.011847697677729798,0.13657124418331867,-0.9987665865737984,0.0,-0.04965184330640031,1.5832309533506874
1007,0.05672437675273462,0.0001599390490400576,0.007711021775324954,0.711875043362495,0.0,-0.7023061459489344,0.4295922817535416
1008,0.04532700682697443,-0.012528915528249841,0.05618810060870967,-0.9874237759716178,0.0,0.15809581476418733,1.5448966553054617
1009,0.060814943855017296,-0.017645947428899158,0.17256193854655438,0.07818587592966389,-0.0,0.9969387989265496,0.8432256561691112
1010,0.023786795409953213,0.0066976268825615715,0.18194178614786383,-0.8383692074420372,0.0,0.5451028086636595,0.3223734842184082
1011,0.07595166212553328,-0.018194446236979803,0.09985470694440614,-0.9924073948519588,0.0,-0.12299415694718278,1.0025986733558996
1012,0.022361553533181085,-0.008988177532767308,0.16401036819486128,0.9156981993076566,-0.0,0.4018666542333604,1.1585235850090942
1013,0.03678028453899984,-0.00038118239334016966,0.18644524830917394,-0.797961751858546,0.0,0.6027080906797587,1.131830039703516
1014,0.003968975454842748,-0.015600321883805151,0.05282101762849012,0.9483463729644757,0.0,-0.31723675210341495,1.1687538224630485
1015,0.06661279731538941,0.01821356830295894,0.18157789701551547,0.9963516650378206,0.0,-0.08534260118113664,2.4296187928154303
1016,0.03842241129767149,-0.009110801990687752,0.1379930700830666,0.5117698575707084,-0.0,0.8591225831521697,1.7579874345940547
1017,0.06039641069485261,0.008284530598012882,0.144720806047517,0.23073586235229043,-0.0,0.9730164242316492,0.9512866237011242
1018,0.06525266354769238,-0.01435008280871734,0.19243516138253433,-0.968591299132712,0.0,-0.24865818957839525,0.912634691588582
1019,0.050240820539568645,-0.024908784816952106,0.13619391241816506,0.49757094947244634,-0.0,0.8674232820492475,1.0542719163706646
1020,0.042639090248844,0.017441750883660213,0.18136589628276215,-0.847541189273267,0.0,0.5307296227696887,1.744546357114083
1021,0.007236012521758594,-0.007586145640912708,0.13608550327464544,0.9712612869506098,0.0,-0.2380157819789382,2.0300777416334888
1022,0.06423552841890126,0.025691759851216522,0.043503494884026994,-0.22193776858955855,0.0,-0.9750608323963627,1.9363940098985057
1023,0.06493819466149348,1.449989385041439e-05,0.16464919027053473,0.998010531407891,0.0,-0.06304743610123492,2.2785272836978243
1024,0.06285881193503508,-0.015316460496372447,0.13354093451817964,0.8344064303525819,-0.0,0.55114962486267,2.1708146760119007
1025,0.042480940575631454,-0.004316890903231558,0.059416208071774834,-0.9974016724781785,0.0,-0.07204098651276485,1.8479268180487343
1026,0.08096071362351699,-0.021390182307476992,0.19149126158276136,0.9744472076967678,0.0,-0.22461664989927246,0.7530953236708967
1027,0.018981003841588462,-0.022756751721956958,0.03167755951135196,0.1982014422553159,-0.0,0.9801613072795277,0.7337818025443559
1028,0.05981270879001562,0.009815206751325444,0.0506493245662119,0.7548655291459586,-0.0,0.6558795872011813,1.6602551987006107
1029,0.023764619257868946,0.014621201608214191,0.19376571833821288,-0.42035552935535286,0.0,0.9073594816501237,2.140865179706916
1030,0.07595511747474072,0.022336215559816068,0.11142494573486955,-0.5173405713392276,0.0,-0.8557796055331076,3.050881981088443
1031,0.03844426308643038,0.021438032259970933,0.06074284098630799,0.4883008576220132,-0.0,0.8726753534079018,0.9968725745829761
1032,0.0737839952043786,0.0073792962653684065,0.17494313188397417,0.10276783436640215,-0.0,0.9947053695540402,0.4597245927347058
1033,0.055573082843892695,0.000511794871697848,0.17771089101620705,0.9248143708826396,0.0,-0.38041868961572767,2.293675543105231
1034,0.03118511296776219,-0.004339668358079774,0.09729511032975047,-0.7544066527406325,0.0,-0.6564073447948879,0.8358223671586223
1035,0.03363070615698479,-0.011408656829347046,0.060707583428400054,0.4071565191079006,0.0,-0.9133584011481679,0.4701066322778566
1036,0.04465404277084879,-0.011835131201238235,0.15527369579854097,-0.11002921474887174,0.0,-0.993928353505295,1.2922902845648816
1037,0.0698317085890467,-0.01880945774778502,0.0845397353411624,-0.7811466649028391,0.0,-0.6243475697968013,1.4832792366059435
1038,0.014550129717610478,0.010930865176228169,0.11327819903150123,-0.4037529314753025,0.0,0.9148680617034893,0.9662035284075912
1039,0.033697313811106765,0.015689473457943425,0.02628385927197505,-0.20490335138851326,0.0,-0.9787822110100671,1.7002242146323885
1040,0.036880719463172,-0.018786396277681933,0.045623890723822565,0.4327874652497383,0.0,-0.9014959844185145,1.8045383523991216
1041,0.010636220562587543,0.01966733029502446,0.1522394630174186,0.5521327308507343,-0.0,0.8337562278767761,1.2278231860130928
1042,0.022392970949650367,0.004897642560623691,0.08909313816130918,0.23142367332708724,-0.0,0.9728530636348932,1.5179874297120655
1043,0.03214055329103057,0.005035924109332814,0.03460260553881316,0.45360321068197174,0.0,-0.8912037518205401,2.2281418537712256
1044,0.046990108199622675,0.02211244719711035,0.11437103139864642,-0.35850003747890724,0.0,-0.9335297119683027,1.3032368348558103
1045,0.04645007939261464,-0.021799320361120356,0.12408641280753435,0.8450289859610766,-0.0,0.5347204997805813,1.1189158532979302
1046,0.01587058795192294,0.016703388820192167,0.15765552504727673,0.7674500157829525,0.0,-0.6411087842751384,1.1353611053594146
1047,0.05427782906252774,-0.016226535383807437,0.11148302088596772,-0.8983088491753686,0.0,0.439364554206669,1.3530463406317403
1048,0.07276635693367461,0.011176265577525483,0.057694312626372736,0.7496077065767581,0.0,-0.6618823809716745,1.9397019509442668
1049,0.015503620743085136,0.0221749488068194,0.08835496268877312,0.4840655979114876,-0.0,0.875031711950255,1.111015652640645
1050,0.01208444171908556,0.0031088710212912127,0.16576312215408576,0.9997809228714748,0.0,-0.02093098808614364,0.48677893679438194
1051,0.08021223475821104,0.012911929514463193,0.1279748320376744,0.9999987105993325,-0.0,0.0016058641513248609,1.293203330089589
1052,0.053905046576969644,0.013937152163389144,0.1693866297281993,0.8863085125729557,-0.0,0.4630952607625291,1.502351824087949
1053,0.0798292838995913,0.006112425652633485,0.16013987676895816,0.9644916136419465,0.0,-0.26411347412495734,0.8575094171163861
1054,0.017533996747439815,-0.028296832939884317,0.14244248499362677,-0.9097598375301092,0.0,0.4151349636168811,1.6635066782573926
1055,0.0030330385893335664,-0.004227099569741666,0.13111631161214177,-0.9987815537832931,0.0,0.04934985128883973,1.9838983337012173
1056,0.04337999021042186,0.004744730651009242,0.1425709441308538,-0.9947113996846395,0.0,-0.10270945106184429,1.7414998213500092
1057,0.05936445808499299,0.008831480327004213,0.02866059748269369,-0.6704719605307478,0.0,0.7419348692048752,0.9540227681132702
1058,0.022273003668693232,-0.006798242765432242,0.12078242025948227,-0.6777991226922724,0.0,0.735247134831266,2.743280639781514
1059,0.042276959080095065,-0.01088718851871014,0.15661500459139463,0.9958434866660666,0.0,-0.09108100825513385,0.7772391173769468
1060,0.1242248107025664,0.021828228183168874,0.007574337023250262,0.25473507120758365,-0.0,0.9670108807541243,1.4190456313927293
1061,0.018071229987774044,0.0027997782618799706,0.08230038817958041,0.09019539323067191,0.0,-0.9959240889947207,2.6924692305973097
1062,0.04285743518006979,0.005874354212520464,0.10501222018095405,0.9901126902436083,-0.0,0.140274233623159,1.7467902800013029
1063,0.038778249125864195,0.02075287826112827,0.1215870698523931,-0.0519484096156326,0.0,-0.9986497698084181,0.6376962010773911
1064,0.03721984268635972,0.0029919270246714803,0.1050122610427521,-0.9703147387823652,0.0,-0.2418456278325299,2.1948168673459665
1065,0.07308039775705841,-0.022341529191518272,0.021978103913747583,0.7230656700023329,0.0,-0.6907792967830444,2.3686739809239046
1066,0.04433424400006989,0.012052638236763433,0.16635902124407428,0.9768359946615619,-0.0,0.21398934443928969,2.4023569548788517
1067,0.02496345399732005,-0.017259353148711142,0.03044612493570476,-0.5186380621700982,0.0,-0.8549938949889907,2.643681267501399
1068,0.04881589510065504,-0.0016400831627190874,0.08699613800790881,0.9819053885905131,-0.0,0.18937214118479292,0.30303079831687424
1069,0.020850579989763654,0.0071316582243725205,0.15877204592047287,-0.9130127389805682,0.0,-0.40793104620658716,1.3670826952154866
1070,0.06093205630614478,-0.02384705794862197,0.1663971616989425,0.7031620272297097,0.0,-0.7110296501990652,1.5961408738167082
1071,0.03336148275991406,-0.014340962203255892,0.1382181869122209,0.5024638591385371,-0.0,0.8645982131947811,2.027096936518669
1072,0.01785628091399838,0.008788204747184098,0.14888964163472745,0.46530935459369926,0.0,-0.8851481257550032,0.8130248331545437
1073,0.03031705365405649,0.0019620646482476716,0.02632420418030415,0.8704407408742495,-0.0,0.4922732133950493,1.5058206391006028
1074,0.07373317967552481,0.011115619315489779,0.07709422152234072,-0.9967666218543635,0.0,0.08035111422401339,1.921778017916392
1075,0.022409496932701493,0.019574607806870356,0.005930907398084735,0.30942116231022837,-0.0,0.950925099213701,1.1953647373797098
1076,0.05262111452699166,-0.02068258243083357,0.04642095572716738,0.6728634130131947,-0.0,0.7397667385252158,1.4496804504518115
1077,0.048023943624510276,0.007934568463138534,0.11432403744193782,0.4786546939360513,-0.0,0.8780032368806991,1.4698574936514932
1078,0.009713938164550915,-0.01884436092250379,0.14756704336654866,-0.9203456242672076,0.0,-0.3911060366348288,1.9407037239117453
1079,0.1260539577581497,-0.007111936746720283,0.010906864353389186,-0.9522051699606872,0.0,0.30545918598094063,2.1104609181214973
1080,0.03604376531280274,-0.0026590204106345314,0.15609131206541407,-0.9999974121195304,0.0,0.002275028404673755,1.816915192860985
1081,0.011076362937143832,0.010590635487490634,0.04035053434158218,0.9956605000036635,0.0,-0.09306002757604803,1.8679010787660362
1082,0.013534451971720792,-0.017222680330288974,0.05914527381274984,-0.9921879237957861,0.0,-0.12475224997492915,0.4438072488809854
1083,0.05490979882278958,-0.017391763086276903,0.06674487629277791,-0.8710260474715599,0.0,0.49123683150398234,1.5593095902823584
1084,0.03618519450938711,0.007937462373726233,0.011048314256671072,0.933817614751906,-0.0,0.35774944078091986,1.9147966539171608
1085,0.06563766780844105,0.02235768939442943,0.1635468914090194,-0.18756616594423225,0.0,-0.9822519704194951,1.9366972353015393
1086,0.028759803950487967,0.025833138927324185,0.009422198590576377,-0.03729720467956395,0.0,-0.9993042172046963,1.3990915031027984
1087,0.029469808388047344,0.006904439748779097,0.12424668825541638,-0.6071536950258002,0.0,-0.7945844137764833,2.642505122642676
1088,0.10092123593498292,-0.017774453072641614,0.008264386527849684,0.9717521540254128,0.0,-0.2360037100279792,2.594386377079068
1089,0.015173168355091003,-0.017753299713612145,0.07376331577345246,0.9847204293828911,-0.0,0.17414268849416129,1.6993009225415534
1090,0.02004219912723962,-0.005171475622923738,0.1424322097206191,0.8677401069033343,-0.0,0.4970182158345809,1.3196291883172033
1091,0.06646606140805413,-0.024635069076267318,0.12831494800391843,0.6239746944787843,-0.0,0.7814445473929086,2.1894916256684795
1092,0.06356911947641289,-0.02027480137347507,0.09686406245200233,0.1441924440162263,0.0,-0.9895496647913269,0.8853128679477024
1093,0.04043397387865282,0.005103581744699799,0.08667195836171863,0.05107537929042879,-0.0,0.9986948010430108,2.0011234285783512
1094,0.02659496913996702,0.01660388371324594,0.16301754249987377,-0.9980573403360012,0.0,-0.062302049736965084,2.0304544140982475
1095,0.12613753962396365,0.010132308046795383,0.00793943278162506,0.5453145649638429,0.0,-0.8382314866660013,0.9319521176443174
1096,0.06549308028504226,-0.026021033216239085,0.06313205131200376,-0.8082249996152561,0.0,-0.5888737980220544,1.542515661874153
1097,0.07398973817347046,0.021697438794509943,0.12366588413509003,0.9638233206595137,-0.0,0.2665419414517502,2.0582031067269817
1098,0.03414674210137776,0.009638997028712543,0.11414607666505269,-0.9824674661865239,0.0,0.1864341113772674,2.1942673338549996
1099,0.07711493445128159,-0.0227045525845314,0.11002895354409539,0.8900684861868852,-0.0,0.4558268200720384,1.1852674917182289
1100,0.03672228962172621,-0.0091583533581715,0.02293929254630761,-0.7699593108917883,0.0,0.6380929866179712,1.430086177209245
1101,0.03390910521357064,0.013112506800026881,0.18731374393389427,-0.6645288012518356,0.0,-0.7472626528248274,2.0247398314258542
1102,0.010339276423624193,-0.02352680354345633,0.11319418366689929,-0.3241386687582043,0.0,0.946009578923839,1.4797423480838772
1103,0.059019792884120306,-0.015322320757390972,0.06956478432749752,0.8390023728524745,0.0,-0.5441277592146145,2.7174826782243118
1104,0.03224910225383553,-0.013033416598650477,0.11003180710529249,-0.22098439109930967,0.0,0.9752773446002256,1.1467903371272494
1105,0.03937936808277587,-0.0038072726528650606,0.08974065930589945,0.8822537428596747,-0.0,0.4707741849444328,1.6072945422798257
1106,0.03138453659421724,0.007438983017738078,0.1187077140217445,0.8857236493559858,-0.0,0.4642129004794187,1.5315262909898777
1107,0.026487392931501836,-0.024695974284424112,0.08516493536516863,-0.7233054360158492,0.0,-0.6905282370981815,0.9256589910319717
1108,0.045237836256365876,-0.0011254022274394219,0.09994194580556633,0.3925737735053279,-0.0,0.9197205186119246,1.670758199417264
1109,0.06300932441739882,0.02425385255832446,0.022112599894820152,-0.5477651296027114,0.0,-0.8366321550068015,2.0141258296211446
1110,0.04758244203230093,-0.0004618694013174138,0.14616558662098544,-0.5260831175235134,0.0,0.8504331563719403,2.068951486728268
1111,0.06459359911773217,-0.003433204500508751,0.10496866984811225,0.9334128146157035,-0.0,0.3588042885908561,1.3093413541774892
1112,0.052739595591358185,0.020475845337381175,0.17730041677877906,-0.9961396743492398,0.0,0.0877823967967976,1.6864024558702622
1113,0.04085177195230812,0.015418972737895782,0.009346125470415573,-0.6422276475214175,0.0,-0.7665139586198715,1.6106508151704542
1114,0.019176618760276463,0.011390246150085622,0.019608458371853058,-0.4351153286302042,0.0,-0.9003747279833155,2.4179417549565105
1115,0.06848340028751286,0.016296878061338924,0.010506351028434203,-0.39164119918731277,0.0,0.9201180202012802,0.9430953899068351
1116,0.02832324172165306,-0.003334185540842047,0.1597498391875936,0.7129130524296875,-0.0,0.7012524364844558,1.0354461411112454
1117,0.01237669706707807,0.005043801235164664,0.08152055469084167,-0.9392588545105744,0.0,-0.34320956312941453,1.9004464423844944
1118,0.01521650901893626,0.01898719698218755,0.1402784766493847,0.9816018761380118,0.0,-0.19093914413324337,1.7903058058580605
1119,0.07613924492304426,-0.022548035806989962,0.044180059645196744,0.6240497867537519,0.0,-0.7813845811459277,1.9343149133927318
1120,0.03787615196444108,0.0013468020420856282,0.021318457279234496,-0.999375227683359,0.0,0.035343376930259254,2.0168928040806877
1121,0.07306377602548424,-0.025815898266989844,0.18468899607098666,0.6259033075703618,-0.0,0.7799006664777772,1.759391953009515
1122,0.04837417359336605,-0.025527321076509988,0.02296842075645606,0.989545312018837,-0.0,0.14422231263415028,1.3203598285069678
1123,0.01612782226574034,0.024598859527445963,0.12419795875139997,0.9249804528506186,-0.0,0.3800146863533891,1.5700562212717926
1124,0.05388464442386954,0.009483075916033236,0.08985477850147394,-0.856636164185658,0.0,0.5159210038458237,0.22370477490300075
1125,0.06642119491765047,-0.02067973838633844,0.008094574365543769,0.2755602499201617,0.0,-0.9612838023518019,0.42757384664168396
1126,0.04492585120702547,0.003188197880924409,0.15305173387878782,-0.8478789923318094,0.0,-0.5301897908885039,2.5033007603066757
1127,0.07078597962910597,0.002706783909724449,0.1523225496573213,-0.05593745935587946,0.0,0.9984342745723472,2.928467003039092
1128,0.02362335897378502,-0.02345707289714018,0.11983263755365443,-0.014814707666161622,0.0,-0.9998902561965318,0.6633167436753368
1129,0.003483519603171026,-0.010487293271633055,0.12434667075311373,-0.9982765041887118,0.0,0.05868578349792023,1.6240527399173177
1130,0.07605676014296146,-0.023212492194942307,0.04457215376591823,0.9867910503281068,0.0,-0.161998219102408,0.6724758923497829
1131,0.0462968688797093,-0.010138372704626258,0.006013444589561011,0.5303756602004019,-0.0,0.8477627374843669,1.1859632010136874
1132,0.07634984537104382,0.027810885552159985,0.03309597979128277,-0.2676690924830284,0.0,0.9635109013027886,1.4675069563857344
1133,0.03185614046295073,0.007704114591240335,0.06364407246600566,0.45455866765684,0.0,-0.8907167999190531,2.0886560956415097
1134,0.041686752117547424,-0.02688073032771374,0.08406693081624607,0.6701384206785164,0.0,-0.742236146472606,1.8663650596629975
1135,0.074355796914928,-0.019344620652987803,0.02591611324098393,-0.3888698172781976,0.0,-0.9212927141848138,1.6849500324240783
1136,0.06248662219709606,-0.016119920431590627,0.14124357173047872,-0.5435638837401421,0.0,-0.8393678003672368,2.183671091676793
1137,0.00537555646413746,0.004741938109766314,0.028301421820655544,-0.998543207136674,0.0,-0.05395797884655463,1.8028744507557684
1138,0.04245465527834882,-0.025918723842231484,0.11028402862204041,0.9675490823878231,-0.0,0.2526831477769771,1.7677947619227579
1139,0.012013751277644072,0.007016662178935202,0.032935623513772404,-0.5509240708413634,0.0,-0.8345553715407866,1.9389072692304818
1140,0.030142196259462392,-0.01061207928164667,0.050247166831791014,-0.1498906500552539,0.0,0.988702580671262,1.446629900874912
1141,0.03684486186083423,-0.00103077073758438,0.10610609562185085,0.9861712889149347,0.0,-0.16572926392118106,0.9585533838030036
1142,0.02200254324115747,0.015226861026118975,0.12216434709603606,0.9629099516901141,0.0,-0.2698229510922714,1.9172649029253215
1143,0.051211181760912494,-0.0016588451560945107,0.05766122430214446,0.7874957954321418,-0.0,0.6163200241568486,2.7222953131170984
1144,0.07019479801593505,0.026118026112347266,0.09371714639717903,0.7727118722770977,-0.0,0.6347569317794193,1.2328187276475144
1145,0.05160995453302222,-0.02106307569595633,0.08208307226097493,0.9796193992108401,0.0,-0.20086272100564778,2.6369421201115415
1146,0.004589216446820077,0.00768669119787781,0.14843778473308805,0.9470396192201833,-0.0,0.32111673831690896,1.4816086548899998
1147,0.02907083012858912,-0.0073372733606314085,0.14053773309086257,-0.2578078910676572,0.0,0.9661961971065954,2.7739203838959483
1148,0.02152936442698589,-0.017800512548331166,0.15645487124277402,0.8473331995545303,0.0,-0.5310616244210103,2.2087734883805803
1149,0.06460789081546113,-0.0009014547276366722,0.08282812848704206,-0.5953379454509807,0.0,-0.8034754076548983,0.9316978268657833
1150,0.04829210395212571,0.006666262260208027,0.11020744721398718,0.7479053467796473,0.0,-0.6638053873375959,2.5761056730008423
1151,0.04523673397837906,-0.012331086843545032,0.012359353120473423,0.5127089775935051,0.0,-0.8585624638283593,0.44246983319076133
1152,0.03730480454174326,0.02500080878045356,0.11689000975066889,-0.008280054126360941,0.0,-0.999965719764265,2.193037905162674
1153,0.02299155204703071,0.009992801876390279,0.05837833635083247,0.20374973168871324,0.0,-0.9790230062857448,2.1939234673626626
1154,0.006326970158005258,0.001037212373181186,0.14048052309298426,-0.7420838299614071,0.0,0.6703070858269435,2.7775804086004467
1155,0.07325308241834257,-0.013774885677534566,0.16511433732955053,-0.36811044388193087,0.0,-0.9297820718346035,1.9627903176661565
1156,0.012764749074432083,-0.028185179284572554,0.07398998428430424,0.989459362594366,0.0,-0.14481080682860337,1.5936346293585908
1157,0.05625926812817321,0.013042149486956159,0.1612850142211643,-0.462121372527168,0.0,0.8868166874014078,1.5580522216480615
1158,0.07722545552516719,0.0113683254087987,0.11925712067759262,-0.7002726764725613,0.0,-0.7138754643395131,1.6107734833955873
1159,0.03306458106203055,0.0024875087447428492,0.10942979643311337,0.5608120963556508,-0.0,0.8279431095076403,1.6258771351397248
1160,0.040264715793252116,-0.004003955571968248,0.15998438848533583,0.7298619468947867,-0.0,0.6835945717126135,0.9445820488032697
1161,0.017822037917691817,-0.009593353703640395,0.10449687755386892,-0.5269939839751316,0.0,-0.849869013939218,0.7447464909627984
1162,0.03597540831151448,-0.02140792884707258,0.04856355035353268,0.2897652101473436,0.0,-0.957097760413358,2.971783696266001
1163,0.052032761596846624,-0.02056623306547578,0.010511442415205522,-0.992731241078168,0.0,0.12035232854997116,2.3932787082253983
1164,0.04756933966828014,0.014328261187401452,0.19088183190295616,-0.909389323249219,0.0,-0.415945980579603,1.8050973392658354
1165,0.05972434724328438,0.01418548139737037,0.16220019820322645,-0.12908530507702118,0.0,-0.9916334927850976,1.1177044299761327
1166,0.0718002580095137,-0.019735510590086762,0.05693616232559698,0.5873719945279174,-0.0,0.8093170825111108,2.7824283136318346
1167,0.07295891103083302,-0.01378647607755651,0.0313975509121993,-0.9966119391634726,0.0,0.08224744808699445,1.5115661088781567
1168,0.05127566199257308,-0.004609069112648147,0.09179259462856401,0.5646270590472642,0.0,-0.8253461602210537,1.8879504140741432
1169,0.08161374410785095,-0.019834996723445034,0.16222316279196708,-0.9863578689193448,0.0,0.1646151706887567,0.8939277853701758
1170,0.05911178071421662,0.009474912782553104,0.15322114154041552,0.5490245925576868,0.0,-0.8358061956978221,1.7557979231195877
1171,0.01759677044446545,0.002429630526487626,0.1880752463713677,0.9953620182144112,-0.0,0.09620006598820055,0.765681848713322
1172,0.034043523283142973,-0.0022406173320916258,0.03424307308363009,-0.16712986658636403,0.0,-0.9859348901904346,2.003392608091141
1173,0.03494506263681565,0.02170268165345768,0.1895874385730837,0.6699902644417661,0.0,-0.74236988459477,1.368957435665267
1174,0.029686989957003303,-0.000652228951999213,0.019001184942026864,-0.902388405159642,0.0,0.43092361995304646,0.911278637901915
1175,0.06470803942976648,-0.016427872056587096,0.007194661488964184,0.543075061560025,-0.0,0.8396841534241165,1.8581653473455133
1176,0.02890775202423543,0.02532728815540147,0.16208990424785627,-0.5307612731183906,0.0,0.8475213690272035,1.8300179742342595
1177,0.06633226548352883,-0.016804265426378633,0.11933208681792219,0.9415049497686019,0.0,-0.3369991536506027,1.5022204821483052
1178,0.07940383873248041,0.021113613709858696,0.17444998956439048,-0.7469581916937406,0.0,0.6648710099422424,2.5154087179558964
1179,0.037529739727635396,0.014308090416457447,0.1613819774209478,0.9394339878807091,-0.0,0.3427298971705671,1.202809323347927
1180,0.02163669380159941,-0.025553979820181646,0.06864954482985022,0.3385291521835548,0.0,-0.9409559039199891,1.3988552238106742
1181,0.030436450765971852,-0.02033855599265258,0.033526017045740986,0.4655771617359296,0.0,-0.8850072917608736,1.18279804900614
1182,0.026089910078093508,-0.013227983386830329,0.15934847393272472,0.11035694521576428,0.0,-0.9938920186029491,0.9152308329838771
1183,0.06236771752518104,-0.004923667302390326,0.010802380467194764,0.16264683127041543,-0.0,0.9866843508831449,1.4426735703330413
1184,0.049686230097618696,0.019417386137505974,0.19152225488879465,0.8750807101181137,-0.0,0.4839770147219573,1.782831125763293
1185,0.05802850695319712,-0.0076940285181691685,0.09949569510446035,-0.46946002093205663,0.0,-0.8829537296747055,0.8376096883507911
1186,0.05598639673445575,0.019964577124398926,0.18858920475677118,-0.003662691406689767,0.0,-0.9999932923233332,2.8441833442602236
1187,0.12280782296877214,-0.02019692314912938,0.006666884638723856,0.7412870203743668,0.0,-0.6711881654383465,0.23125477024004654
1188,0.012441011879932963,0.022774490126963295,0.11777609146003495,0.02418526542801054,0.0,-0.9997074936881172,0.3380026568125385
1189,0.019945115100613857,0.00951505627820576,0.05947583612353056,-0.22422605334929108,0.0,-0.9745371603994384,0.6669755549009914
1190,0.043673788228129326,-0.007976392012006879,0.17743800739845692,0.9712186733523845,0.0,-0.23818960626281366,2.07848945040117
1191,0.020191360839804273,-0.022179960428409088,0.052179202772563806,-0.22334411894595957,0.0,0.9747396598744986,0.6579800610866527
1192,0.04198389982154353,0.018419317647336553,0.10728445862945912,-0.9966688289995186,0.0,0.0815551672227356,1.7579692503243831
1193,0.060739905290146785,0.00037335348679769464,0.09302550572036575,0.41602427542359643,-0.0,0.9093535078605414,2.709533550891164
1194,0.0627615026800382,-0.01511122483721623,0.13956978304725043,-0.99919625314362,0.0,-0.04008550490826701,1.0612619966738162
1195,0.03668565409868751,0.004458204417732207,0.08367098636107496,-0.7079487036433995,0.0,0.7062638550921534,1.7799116410211728
1196,0.017556949475441036,-0.011770546534800929,0.11335390157873705,0.941366354995174,0.0,-0.3373861077209616,0.8489350009499793
1197,0.11427749629422755,-0.018939401264886028,0.010997182771369482,-0.9374347260094604,0.0,0.34816107546876635,1.5006555156373513
1198,0.055215136399903546,-0.014766739504586568,0.09985129238105027,0.9274558284180213,0.0,-0.3739327296900362,2.664380351770212
1199,0.011192820299321095,-0.015195461284837381,0.008562497003891497,-0.9560962802079777,0.0,-0.29305273070297144,2.3661462970988274
1200,0.05370109780539259,-0.015813033426800908,0.03505001321546111,-0.9836730103032306,0.0,0.1799650210484815,1.8917305734334462
1201,0.036863513015127254,-0.008097273564066265,0.05776436051044489,0.6096306112997201,0.0,-0.7926856361549197,1.6668634352067897
1202,0.037228041623826175,-0.021271589648613115,0.11347775338911384,0.1913269964766797,-0.0,0.9815263523814388,0.5719161377227283
1203,0.046582268197554656,-0.025696405259340024,0.0763187830031275,-0.8256747105232656,0.0,-0.5641464990605912,1.398342343439161
1204,0.06476793567096731,0.01865731366893842,0.058850152837461846,0.5824322334025032,0.0,-0.8128792613259193,1.7585613571424195
1205,0.07107984508456765,-0.016947113465899985,0.14536648675618413,-0.4721525376669623,0.0,0.8815168638061598,2.579359491787739
1206,0.012854821324339181,-0.009258594462821288,0.05157384755820786,0.9879656523855211,0.0,-0.15467342921927923,1.385646942077872
1207,0.01740174430947924,-0.00864558986770001,0.14194096761488045,-0.3502653409379614,0.0,0.9366505169686363,0.7742476329227465
1208,0.05287554352588393,-0.022759395507134773,0.13799430597475462,-0.3334721798424468,0.0,0.9427599404255183,1.868513478890761
1209,0.020968676043198742,-0.0017272138435074974,0.09727137572539363,-0.009318195463574118,0.0,0.999956584674206,2.8105069620959435
1210,0.05293271130549339,-0.020956512238787063,0.1844027873714123,-0.40762638188727224,0.0,-0.9131488010119115,0.6403110196429248
1211,0.023330381357637712,0.018993400951673473,0.046244542393719175,-0.8227855733666279,0.0,0.5683519158582554,1.9937650644164007
1212,0.07208395672712464,0.008787962613805907,0.13726710778344706,-0.8569407803149925,0.0,0.5154148804925326,0.9657994550176503
1213,0.08124521394205464,-0.01388756855813509,0.08008901346687916,0.9971591387272518,0.0,-0.07532364869498408,0.8235629023857701
1214,0.07385310893499632,0.009426209249001847,0.09574810214262386,-0.618443176177401,0.0,0.7858295221227107,0.47167493290004225
1215,0.006926077817859825,0.017829626065909435,0.18483768428612374,-0.9956250922361618,0.0,0.09343808489975805,1.9804332969912035
1216,0.04209534246601671,0.010789936185945944,0.07742093126540094,0.135094473406545,-0.0,0.9908327221357843,1.2146861728041571
1217,0.0035873903003563507,0.02180093384863118,0.008753540580046052,0.4463315960516637,-0.0,0.8948676474015442,0.24278892068200011
1218,0.05149201282454275,0.02813260055747051,0.14112502726240578,-0.3756891722420733,0.0,-0.926745728805947,1.544005277168983
1219,0.014655220436237251,0.01130833345420627,0.1917361788352675,0.2946348346744188,-0.0,0.9556099173807154,2.6177655148369428
1220,0.025507779281202382,-0.001257573815870211,0.04009271117060409,0.6643567475887275,-0.0,0.7474156219489446,0.30655741792799157
1221,0.0341821582782946,-0.009934547620302384,0.11686064621300565,0.48600065850104013,0.0,-0.8739584429116498,0.5208052878067745
1222,0.0260995186765236,0.009231709189163188,0.026819227279005358,-0.7720834287462449,0.0,0.6355211869445755,1.474325940183187
1223,0.03984940145097801,-0.001460169103633642,0.020333308622782383,0.6841813250514915,0.0,-0.729311945912574,1.3611016322689273
1224,0.07323430670951858,-0.028521240952399204,0.06177004423114236,0.9971990795210588,-0.0,0.07479301974351069,1.5525570488388682
1225,0.03462441481871808,-0.01527992227535111,0.10826242060999933,-0.512184257552371,0.0,-0.8588755942018182,0.9749233266029635
1226,0.008532124424089068,-0.01961288121389593,0.035386692431747205,0.9799189465013248,0.0,-0.19939623438704565,2.2270110710878988
1227,0.04860077652557756,-0.014891368172625808,0.18672617740327255,-0.5193654731195322,0.0,-0.8545522250461492,1.413495600712234
1228,0.016122060140688392,0.008638290935480828,0.05082392627656144,-0.8086532039117262,0.0,0.5882856413370123,0.49592243664430646
1229,0.03651653452576304,0.0065778251867978955,0.04520744753505959,-0.9370988551853766,0.0,0.34906408524833427,2.699603268097781
1230,0.01741181519562906,0.010466778676983392,0.06053534985955118,-0.6182439041186718,0.0,-0.7859863071454252,1.1627634626503904
1231,0.03321574850897116,-0.014485595946835217,0.06890470986606906,-0.28316149513067507,0.0,0.9590722431993121,0.5354587374966546
1232,0.04288848573032044,0.013289809164030688,0.13111726602677198,0.9496658769958599,0.0,-0.31326461988179294,1.4698561755189696
1233,0.06045719939970457,-0.020397172486971284,0.008756769842620074,0.9728471628709462,0.0,-0.23144847740685334,1.5427572578432398
1234,0.05044502081288345,-0.026251784707439753,0.16496525777565263,-0.9924282093485874,0.0,0.12282609368190542,1.9630159920844814
1235,0.0727898661622659,0.009223530041046058,0.0061053933202100145,-0.7413349767353258,0.0,0.6711351967143683,0.048113193632033466
1236,0.04110481432750468,0.013833863861544258,0.09236072702074859,0.09620507081056193,0.0,-0.9953615344940424,0.6088851867044127
1237,0.034733465844655,-0.018469711685263884,0.1524946695585318,0.49266602250400354,0.0,-0.8702184727239962,0.673695270191171
1238,0.039634982658045693,0.023935687225162365,0.15206172386136252,-0.41966247444703436,0.0,-0.90768023419098,0.6997327363708656
1239,0.07778507389213832,-0.0043137043928514395,0.12452491343010695,-0.9628305695067741,0.0,-0.2701060799450115,1.9954561425205097
1240,0.07168172475868752,-0.02663749069703672,0.08971524128578266,0.6529048685220801,-0.0,0.7574399201653985,1.8130186456201534
1241,0.04901323745400802,0.02258007579463581,0.008859736702724214,0.647354097766523,-0.0,0.7621893938548943,1.749593051393343
1242,0.022791518580046684,0.025508555501573077,0.05891727264573384,0.8565916904540738,0.0,-0.5159948409093178,2.089589151150084
1243,0.04639485964498165,-0.005385508068152419,0.07645077804817069,0.7374266078774938,-0.0,0.675427270691888,1.0088003186751182
1244,0.0045386213393190985,-0.004177723183193485,0.15199513269893547,-0.9311803451651774,0.0,-0.3645588632553883,1.9653247617083687
1245,0.07051918616878293,-0.009915920486746405,0.0900062365617871,-0.682325998016096,0.0,0.7310480370203716,1.9232941137653548
1246,0.03768099191765583,-0.022424072124508348,0.16600683664630886,0.026344532268836585,-0.0,0.9996529225783999,0.793691541635432
1247,0.010281218181838903,-0.019126547247685716,0.09265189642523687,-0.22212449037209234,0.0,-0.9750183130469593,1.1851112130704267
1248,0.09868300703609403,0.016861506469730888,0.010800264366322266,0.4958034978077284,-0.0,0.8684347365010349,1.568785876484653
1249,0.05252185605381337,-0.02148861198194406,0.15444908878285163,0.997295820653254,0.0,-0.0734918097991386,1.2995692451827332
1250,0.03572471708592252,0.0132088803190431,0.15149268601014762,0.9787018545967564,0.0,-0.20528682327141518,1.8590021081932826
1251,0.06310853139867449,-0.009423335943965444,0.02191892030136503,0.9884645320965726,-0.0,0.15145252981414242,0.7977056548052958
1252,0.03481714813327211,0.021386196879156636,0.1882350615178101,0.42168221375145915,-0.0,0.9067436851755124,2.014681426527923
1253,0.04698702499740739,-0.003107628362141111,0.18472440676881474,0.9939013195607427,-0.0,0.11027314711848261,0.4305276956166164
1254,0.07476553743009831,0.0017970799932013235,0.11495531619102493,0.947751801079009,-0.0,0.3190086574867435,1.6936686461617292
1255,0.03778331166498131,-0.004542998898299017,0.12328233069319126,-0.9998938926083447,0.0,0.014567207163076377,1.035770457781624
1256,0.04320172720627301,0.0013938986829569319,0.06314772995654948,0.9999002401265076,0.0,-0.014124793625132605,0.5393164447750258
1257,0.011585165980385016,0.021392592542850444,0.017882805677657692,-0.5593190577663548,0.0,-0.8289524664414463,2.507502794581292
1258,0.060555878925124026,0.023028764841113273,0.018375620564715648,-0.999103939970932,0.0,0.04232395461863313,1.0376087289970917
1259,0.0411964122840709,-0.015354483725141106,0.11765341822260984,0.9896444178125428,0.0,-0.1435406781803441,1.9906517579215388
1260,0.03441638845141701,0.02178948195641663,0.11671286469816537,-0.9510786042755568,0.0,0.3089490062927197,1.2465001350772167
1261,0.03695513113908051,-0.010322598999556306,0.1726085958024016,0.4717598766846985,0.0,-0.8817270659055658,2.5026336220383354
1262,0.07031924672003158,-0.010825317979154196,0.12142118801316915,0.8340339502541608,0.0,-0.5517131227580507,1.5806524997075104
1263,0.030524679491613915,-0.007581606095904611,0.01268320015659309,-0.9823677510731494,0.0,-0.18695882341168799,0.9015622288099451
1264,0.010400218219676162,-0.007757344596006365,0.13526850948906954,0.08820692529284895,0.0,-0.9961021726361116,1.1513433260059682
1265,0.07067030013250092,-0.0022958381313023745,0.02213189245989503,-0.9887901714278794,0.0,0.14931174397087785,2.0141169134092483
1266,0.036987943653077116,-0.012934551508942963,0.006137026441077439,-0.365557625167219,0.0,-0.9307887100100124,1.9257920801094244
1267,0.017899665946574897,-0.009382667270494003,0.1267574710165105,-0.26298285385823594,0.0,-0.9648005071394696,1.366022496420357
1268,0.025631228863199802,0.023263647127920964,0.09383712176814682,-0.9449509398263496,0.0,-0.32721204336224946,1.4071825350908105
1269,0.0699902567018918,-0.02488201035449172,0.17674108944723996,-0.4764362452022284,0.0,0.8792090219382432,1.4779409628784865
1270,0.11396707323811185,-0.01343273470992425,0.013762518585680016,0.41079496668849874,-0.0,0.9117277528645243,1.1789433047338358
1271,0.03503295403568043,-0.013161884083448412,0.1738006404180938,0.5071275861230647,0.0,-0.8618709946349242,1.2543352617822474
1272,0.014847537703147224,-0.011465595213489298,0.15915007515545945,0.8340663156444637,-0.0,0.5516641923373945,1.2908245097076292
1273,0.05638289111693322,-0.016498133590405886,0.03686890637527418,0.9048190799552385,-0.0,0.4257962336011861,0.7672981270622794
1274,0.017575440044601726,-0.009967230646618511,0.02225691585538778,-0.11242074098545307,0.0,0.9936606951048641,1.8607514503800537
1275,0.01742178598155265,0.005125504985445343,0.07425150368277977,-0.9841753732259559,0.0,0.17719716345232547,1.2689466202443578
1276,0.022803745000497522,-0.003032921070854439,0.11729911596424444,-0.7131020251854099,0.0,0.7010602696462458,1.808657459113032
1277,0.007762655697658449,-0.006326895703334062,0.19026809445393592,-0.9999518808923616,0.0,-0.009809989797562781,0.6866552408216899
1278,0.014173100886216846,-0.005692788428852962,0.10025479062832378,0.6083093395908244,0.0,-0.7937000361387008,1.3489002588204309
1279,0.064653149401492,-0.008625353652917491,0.16057568592502172,-0.0821050427050147,0.0,-0.9966236812169414,0.4642543146338476
1280,0.03333658148425821,-0.005369828665623247,0.06751166713284429,-0.26119433847288565,0.0,-0.9652862360718253,2.0374376555719436
1281,0.07685703548762841,0.025014125140686853,0.03404837098848638,-0.24252369152699846,0.0,0.9701454834446829,1.8316267725450672
1282,0.00673365038059366,0.020952508391306496,0.06099298446742228,0.7944189074721704,0.0,-0.6073702326017659,0.873527043441269
1283,0.06983168705798666,0.012228834427919565,0.0504197267245299,-0.18662528348939322,0.0,-0.9824311698854549,1.1130684808301405
1284,0.02367328141479241,-0.0002640593320884596,0.12149830151031218,0.1664975325122257,-0.0,0.9860418711532185,1.6013242832605192
1285,0.0797958354588676,-0.014465573943847064,0.11242899976792173,-0.8480481929625846,0.0,-0.5299191093109351,2.057671514229434
1286,0.03140519259191535,-0.020907008013129363,0.16934085620954276,-0.9972804048402021,0.0,0.07370070638577814,2.7130708745999423
1287,0.040962925959233475,0.01972101518959066,0.06974790471316483,-0.9264032031890392,0.0,-0.3765330066821339,2.3925351381850257
1288,0.017374425311905514,0.0079925930785623,0.042532102053147586,-0.9339198329410445,0.0,-0.3574825109559505,1.323702972919413
1289,0.014977823747867524,0.0029008295334862883,0.13512365061999923,-0.4939061736782565,0.0,0.8695152049288754,1.2599591492242659
1290,0.06471481913144705,-0.004284074640538941,0.009887836539366743,0.8224968361197492,-0.0,0.5687696849982447,1.0728370074322338
1291,0.020670531969859934,-0.010018229646493664,0.11750730102022033,0.7289749721202217,-0.0,0.6845403494479503,2.5182766518579602
1292,0.027616346399371935,0.012125289223047361,0.07724067844330476,-0.8766659854619601,0.0,-0.48109952186009325,0.9251087371897834
1293,0.06669468101198495,0.007835927540637572,0.09222341614471503,0.7223427103985871,-0.0,0.6915352548742709,0.6440218495581944
1294,0.07005316896328716,0.007958226973820526,0.03128021226045586,0.5622605322103253,0.0,-0.8269601525578858,2.226863443259971
1295,0.042305043264529635,-0.0029289909037639706,0.14654316398795172,0.02765277609340367,-0.0,0.9996175888680271,0.6869880412371819
1296,0.02094088779188018,-0.020605057689265235,0.003911653279297948,0.1486062413879543,0.0,-0.988896448077626,1.7123431952894366
1297,0.07166515103441631,-0.015403323572572758,0.14629230348546207,-0.9050465050513691,0.0,-0.4253126187809412,0.8766865044948564
1298,0.07560961600562943,-0.0017040712964550135,0.018604081570470936,-0.26320367876192,0.0,-0.9647402881015139,1.521636403444981
1299,0.022584158008315595,-0.02008404002728404,0.11280646111695641,0.9572917516571031,-0.0,0.28912367977956277,1.1418520323247
1300,0.007107307258179231,0.02547663508096986,0.06108940661417441,-0.8953224633425221,0.0,-0.4454185521891496,1.9088299016105956
1301,0.047692022466333556,-0.027026300491897096,0.06791370935471863,0.10484714314120676,0.0,-0.9944883491399621,1.6912690415362388
1302,0.04201264549943396,0.001836256625581593,0.01310078132569571,-0.8666866450301877,0.0,-0.49885294358790494,1.8411643892876444
1303,0.05775186526616857,-0.015222042694316415,0.1708598400124888,-0.9438152948918755,0.0,0.33047343180377164,1.1252082002682187
1304,0.05439710135476441,0.011408541569135462,0.013977841105754011,-0.9562000926845892,0.0,-0.2927138239816887,1.9040235009664561
1305,0.06298211182761203,-0.013449831820347901,0.10158212927781272,0.4331228999204608,0.0,-0.9013348731545288,2.559255357493705
1306,0.07167314998510821,0.01007942047873106,0.1317947712293725,0.7103123906226686,-0.0,0.7038865730555666,0.7344649636561378
1307,0.05597985202294238,0.004820417355143058,0.06784560913030951,0.7246900896605036,-0.0,0.6890749407342073,1.2874052397418791
1308,0.008792683460501001,0.013382260166056089,0.010977945605735676,-0.9824841319361265,0.0,0.18634626503827798,1.2452545238796113
1309,0.05285334446599461,0.0018338343588041848,0.05181844872104103,0.9378053269970743,0.0,-0.3471615886815686,1.4147472008727509
1310,0.0313929064389137,0.011999365776616736,0.030805202468384103,0.9837395835950652,-0.0,0.17960075631301722,2.4373927939866498
1311,0.016663341349665572,0.011959045487860743,0.08144453952262704,-0.760909790844376,0.0,0.6488576810034447,0.9805578851236466
1312,0.0346585674884167,0.0054150582626321065,0.056752083314657066,0.9897217679956096,0.0,-0.14300637033238991,2.1155089812700174
1313,0.015125026091267839,-0.020404131706623096,0.06373498976950817,0.8585295732384297,0.0,-0.5127640508801682,1.0683136388067502
1314,0.027298430598174373,0.01926840167342006,0.13674444132372376,0.9999012447903607,0.0,-0.014053493042193697,1.712576581806037
1315,0.06633663390343965,0.004667188837290691,0.1465754422312136,-0.16313031981664544,0.0,0.9866045300709495,2.1078357380984305
1316,0.07898462194440203,-0.015153299235881094,0.10889601399118623,0.1957053488973753,0.0,-0.9806627434612556,0.4952315166366567
1317,0.028174493308408807,0.023050456735422584,0.08594578181778163,0.9676520346793036,-0.0,0.2522886041441503,1.7075984181863442
1318,0.010124038913119904,0.02353321452761909,0.011181157697162358,0.8618173768502235,0.0,-0.5072186993388551,1.0175714643875666
1319,0.029427025792926168,-0.010296016674412338,0.13329426403719985,-0.8820306875124342,0.0,0.4711919633083131,1.125028085249926
1320,0.07531535886390141,-0.007750036073427065,0.16964509652032111,-0.8926114594991494,0.0,0.45082677645720887,0.6312354633059627
1321,0.046207409739166434,0.012002674741562473,0.08577593889400077,-0.8702077096105175,0.0,-0.4926850333980291,1.222036432671493
1322,0.04632753751262614,-0.0055886195970673205,0.13687531343235418,0.692540324074739,-0.0,0.7213791648851909,0.9944452835970621
1323,0.021962526073620006,0.0019769565147834014,0.10869526383852078,-0.9973369741782152,0.0,0.07293120002469561,1.965533099572338
1324,0.057275332724861454,-0.01716975724161461,0.18286405760391383,0.06007606060515759,0.0,-0.9981938022960097,1.7597628071134879
1325,0.011086583811931526,0.025355890987712945,0.19155527064005232,0.8159742974793939,-0.0,0.5780881817275023,2.0454041915291605
1326,0.02887902696963255,-0.02301501256582125,0.03223643556130666,0.9933796227409162,0.0,-0.11487787046735759,2.381868870039668
1327,0.02022376022995179,-0.013616609571100736,0.19303209046584516,0.9999679073083905,-0.0,0.00801151379444085,2.5215910362102014
1328,0.006757618268469532,0.014693551784388227,0.0625239694683577,0.9350900430804254,-0.0,0.3544102302866668,0.2457979827654292
1329,0.05890649458096702,-0.01718543980430683,0.1258567584476387,-0.19034632340010416,0.0,-0.9817170046240734,1.682717958233488
1330,0.04476309944437152,-0.004082141513302828,0.1409006423356692,0.9558380070325998,-0.0,0.29389403585637425,1.5974797608507478
1331,0.026888831141115108,-0.009683056073519325,0.17496098038806113,-0.7592690597770027,0.0,-0.6507768395274576,1.8354831689704916
1332,0.0382307893497467,0.02630475870735754,0.018632379485090066,-0.15227923972033963,0.0,-0.988337509735513,1.7175298906548915
1333,0.016244943258487052,-0.01667100412841392,0.04383931654182294,-0.8341060724118575,0.0,0.5516040789965798,2.742219983013234
1334,0.04523846799992846,0.0010811872200646036,0.026675914554273084,0.5498413045823437,0.0,-0.8352691421183871,1.1608092580879357
1335,0.007731447286066487,-0.0054308332750771515,0.076689476928144,0.8333784357348056,-0.0,0.5527027979413606,1.0399961140589373
1336,0.007355410066340027,0.012086551559781729,0.18931410771134805,-0.9450369656160966,0.0,0.326963505026357,0.3872572396285289
1337,0.06750432042008948,0.008087760019107233,0.13178014536319754,0.6088104729941612,-0.0,0.7933157051090226,2.460160008471741
1338,0.06371052188550475,0.0063362002959078375,0.1289129370127647,-0.9972436405219894,0.0,-0.074196505567643,1.0344350035675047
1339,0.02216644339721262,0.021348267197955267,0.13895150007168666,-0.879293783218075,0.0,0.4762797946523083,2.5029638967246606
1340,0.05603176594329922,-0.02564185712564541,0.19147545859367732,-0.8728162349550894,0.0,-0.48804899344105,1.5048449962344395
1341,0.06182593646406465,0.003589942069778305,0.16731098441555875,0.5756245630514515,-0.0,0.8177141079936346,1.6060284228541035
1342,0.06920073534579281,0.018980100327954188,0.05476743435864522,0.42597889949323375,-0.0,0.904733097209632,1.791870405452464
1343,0.0350188005448098,0.01893654573027281,0.16186616960282094,0.44834442387267226,-0.0,0.8938608826782172,0.7388932808628331
1344,0.05892157589595058,-0.008407483998674196,0.1844094598472097,0.5779766887740182,0.0,-0.8160532747522197,2.7280162924651896
1345,0.03065847479257551,-0.011927601583651703,0.021725137966150842,0.6398798928785037,0.0,-0.768474933026312,1.4716437538645035
1346,0.05763408943703266,-0.004341400932670169,0.0051887000842076435,-0.034559682305339,0.0,-0.9994026357574579,1.8720328761721121
1347,0.0182776636829485,-0.014540359925415532,0.12250456582577374,-0.5874814335967972,0.0,0.8092376444401557,1.0096805994320244
1348,0.09308007144048128,-0.006089451179663135,0.005863544259048246,-0.8858039817534701,0.0,0.4640595930585834,2.533851028318053
1349,0.013426947462635973,0.007555845875715171,0.1735426078582015,-0.8159762124885825,0.0,-0.5780854786731696,0.6972862522732085
1350,0.08033905358752634,0.011473631599404503,0.09378100040684693,-0.9244246626555919,0.0,0.3813647113644565,2.5426144949362306
1351,0.06001119047073455,-0.008350445030241604,0.09354136100292078,0.4113095339786833,0.0,-0.9114957307953989,2.0499891361620484
1352,0.03137744718088798,0.020338583933085255,0.12334802948213582,0.9860858900863092,-0.0,0.16623663065850236,1.8717284580289846
1353,0.019534150630394445,0.0027548392732278325,0.13313546517101327,-0.9809360117206534,0.0,0.19433100861565591,1.7021696790674363
1354,0.06031193761041519,-0.0055769544665517715,0.12952900578137688,-0.9169548266165142,0.0,0.39899103491767635,1.8928886622078265
1355,0.031789450504814416,0.026159177282821786,0.02253804723892062,0.6402792249580573,-0.0,0.768142248601852,1.6940233150433877
1356,0.07658175767675879,0.007012874763761126,0.03660684598134078,-0.7587611509454152,0.0,-0.6513689552135479,1.6522149649060485
1357,0.05311523398522472,0.016799505544446255,0.06583497922840542,-0.5536533544471557,0.0,-0.8327472384279712,2.174244181487687
1358,0.1141136734530717,0.026538116979343145,0.006866602848991486,-0.27672029422454103,0.0,-0.9609505079681698,1.384749099141024
1359,0.04594263072028341,-0.009518038267628526,0.017733091613365913,0.9458413964063946,0.0,-0.3246291004269356,0.9876838359673695
1360,0.011640581505169056,-0.02372774207058942,0.14933701768725124,-0.9977842705406379,0.0,0.06653231892612112,0.9459714475001542
1361,0.09543553093688914,0.0002672159419616138,0.013035303890131052,0.7455297986339481,0.0,-0.6664722945095504,1.8611009366613547
1362,0.04727021111472656,-0.016993730496196832,0.15035685711344307,-0.9877463698987465,0.0,0.15606764159122996,2.6939073763942614
1363,0.03186521129204983,-0.0024552516499953664,0.16948778245980628,-0.6912130177358287,0.0,0.7226510666376471,1.0757454932981398
1364,0.010593904166407896,8.340959191524e-06,0.011367274414717023,0.06667470615099459,-0.0,0.997774765946543,0.5987672568774877
1365,0.05728219619243978,0.007694731015064478,0.04748311616906427,-0.9997657260533016,0.0,-0.021644699330664142,1.171274742684101
1366,0.03820339646680805,-0.028736917187149255,0.05321797232900422,-0.998202330624101,0.0,0.05993419004719169,1.5798924033413395
1367,0.032600151969218394,-0.017194945665916107,0.024168619186819444,-0.763158308001333,0.0,0.6462115728834812,1.0392134802008446
1368,0.015524079581997027,-0.02349442452643202,0.15208119912077778,0.9867348419127577,-0.0,0.16234023455510058,0.9912752777800478
1369,0.012090675202302814,-0.0011423386706798581,0.09233234365810995,0.6652097588204534,-0.0,0.7466565319944868,1.5792793951808057
1370,0.04615408407207269,0.009726008045600027,0.026418975722465203,-0.8770128566944504,0.0,-0.48046690748962007,0.4000818389379975
1371,0.07454549832713345,-0.01730339287939105,0.14794758385936235,-0.4984650288329558,0.0,-0.8669098078984689,2.2634929261461343
1372,0.04325826566212761,-0.01351426715637988,0.15491997256770892,-0.9730993641925542,0.0,0.23038582293198298,1.2514701392768273
1373,0.02171852570724003,-0.0203482720265996,0.15333082304846551,0.9656568317643219,0.0,-0.2598208676509491,0.14784358156159352
1374,0.02115862798089836,0.02031154371567091,0.12005484987622868,0.18913376919528702,-0.0,0.9819513314569026,0.6455564499652426
1375,0.058398795795177316,-0.015704862547977812,0.07355661975820373,0.9998835026993728,0.0,-0.015263716114807525,2.362669957034432
1376,0.03647253392133094,-0.013158153190960576,0.1783881178481682,-0.015262059826475938,0.0,0.999883527982061,1.5463450791188373
1377,0.009734179578103484,-0.018864682915607354,0.04033599129276016,0.696581791574028,0.0,-0.7174773917326716,0.5269936326398824
1378,0.07513522077318115,-0.011490973183061332,0.06656607044997066,-0.9488526238150519,0.0,-0.3157193346618031,0.8012895910160648
1379,0.051509052626951164,0.00835284144215853,0.12769658671159576,0.23736924375219162,-0.0,0.9714194985280626,1.7324275053056768
1380,0.030096136340737486,-0.00950339308749432,0.11815439231389807,0.9842519597565452,0.0,-0.17677126382814623,0.6415607162574855
1381,0.007825978582221099,0.006225266290777498,0.08537066246103636,-0.9065115691106737,0.0,-0.42218097430900925,1.943431145058543
1382,0.008578280344282072,-0.003150224798914413,0.03998281250860435,0.8464595527293138,-0.0,0.5324530266542674,1.16390427570172
1383,0.04627306369232934,-0.0011647454693807895,0.11833380398792205,0.6673561098800167,-0.0,0.7447387613155442,1.8493152950701313
1384,0.012773717872399821,0.024104968499269457,0.10182024745309155,-0.3591788764794847,0.0,-0.9332687365871286,1.6211861040383702
1385,0.021031867552065243,0.013692421993593362,0.026837332498926645,-0.6392273303752992,0.0,0.7690178282076875,1.5264867379876663
1386,0.023507698880918554,-0.024563495683259422,0.0394707679571027,0.8252791139075164,0.0,-0.5647250518155049,2.272360424330358
1387,0.04962330115286429,-0.0018523866381992004,0.04309310718561832,-0.8244226581825632,0.0,-0.5659746290030998,1.027983977809363
1388,0.04841784901925231,0.009737889972503357,0.05122154904032748,0.9998263003215278,0.0,-0.018637842830282508,1.047083910280864
1389,0.05582594325008945,0.0031400973825792718,0.11868166294541999,0.6005580856847231,-0.0,0.799581131417382,1.0094457140068787
1390,0.025662204434896425,-0.02373326990884595,0.1503282586709859,-0.9993786963166689,0.0,-0.03524516063795887,1.3360788798706331
1391,0.05516376295017145,-0.003581906055733106,0.06932789962922217,0.9056117958121511,0.0,-0.4241076222916662,2.8087421642810657
1392,0.07740859390311598,0.018258192799821375,0.10296023074418113,-0.9966692690849708,0.0,0.0815497888509229,1.6880304023156585
1393,0.018451440649623264,-0.0015999841712221836,0.1615569294780326,-0.4637594715330649,0.0,-0.8859611461928635,1.7624372450549943
1394,0.03168334003918097,0.010280987499664723,0.1531213034991967,0.9708610608091509,-0.0,0.23964306917691205,0.9875754920931169
1395,0.0466997337151955,-0.02295512970700101,0.10875738141926276,-0.15445512307321516,0.0,-0.9879998051398786,2.3563081384617215
1396,0.029262115417152772,0.011631721023947189,0.007688427683594873,0.9211076176022718,0.0,-0.3893080487160101,1.0939004392213196
1397,0.05361127209855294,0.017374636033691392,0.1035291573076153,0.8387348099361407,0.0,-0.5445400982493264,1.2068021601062018
1398,0.060589459019284295,-0.010174772670705764,0.08223766696711474,-0.9884773950188658,0.0,0.15136855531026605,2.0925779866290166
1399,0.01595994222370895,-0.004540506383416255,0.1264322680483459,-0.2957060155469125,0.0,-0.9552789919020355,1.8155088529906562
1400,0.07860454832608858,0.01628015972936008,0.12424411998896144,0.9919298083619941,-0.0,0.12678823006469336,1.095403372017108
1401,0.06037322010938693,0.024727612604563493,0.1250463206304689,0.8427722934938079,0.0,-0.5382702493350221,1.6791579016731435
1402,0.04860989607514731,-0.019432062054961556,0.15154762143655148,-0.6581434444749191,0.0,-0.7528925597286037,1.5145748527628347
1403,0.044215637729066844,-0.008441604227566414,0.04463453082874509,-0.9830619720368963,0.0,0.18327345452882263,0.804938173060915
1404,0.07623752587423936,-0.008190837633417882,0.05276909070596969,-0.8606023858473311,0.0,-0.5092774621695735,2.1256017318885347
1405,0.029290237782524483,-0.0022076414606374455,0.004511743761973161,-0.37982358372766034,0.0,0.9250589414973929,2.4931441394843357
1406,0.03856357630113187,-0.020035793862648452,0.03749540306617915,0.37713516231392386,-0.0,0.9261582312685291,1.8172398277324564
1407,0.03725192890982475,-0.0042855620326137135,0.16916658857253103,0.5833973064888569,0.0,-0.812186913697547,0.9781503746511896
1408,0.022399856239179117,0.009340877026011309,0.05049422422584088,0.8133066784251135,-0.0,0.5818352402777861,0.2734883465645173
1409,0.04172607470537979,0.021332252856000128,0.1419931891955198,-0.5261249692011365,0.0,0.8504072652459544,0.84375439975733
1410,0.013463369380760443,0.021992322872669934,0.04075163660463172,0.5185816576043168,-0.0,0.8550281073721255,1.3167611587774821
1411,0.08173760069689165,0.003471130747778245,0.0639005698242443,0.9993817194902035,-0.0,0.03515933373663612,0.8538717784045773
1412,0.040498779078217785,-0.003561738458631035,0.10612013593902,-0.5881578658204081,0.0,-0.80874614365299,1.4455182578266381
1413,0.026535420916096415,-0.00802987760617314,0.148496721010909,0.9369725456371902,-0.0,0.349402989000042,1.3222175172367878
1414,0.035017319295273776,-0.01985856150027692,0.09609883065898374,0.9898809303785755,-0.0,0.14190047100995068,2.839715428363157
1415,0.06698465963642,-0.01313298541006823,0.0423104707408984,0.5818738615049004,0.0,-0.8132790476198043,2.5877563436618236
1416,0.012409013423331335,-0.0034902011392503743,0.009382595320136335,0.3589791069822108,0.0,-0.9333455955594662,0.7952879852274765
1417,0.02241505895293713,6.88578735386236e-05,0.06988635243170788,-0.33119099364973137,0.0,-0.9435637369702714,2.4343113619043097
1418,0.06664531453309669,-0.01801808322010586,0.027959962831641667,0.762055063497527,-0.0,0.6475122239755633,0.9446772239225802
1419,0.03443102458171996,0.016432979303341484,0.0579461544014011,0.1396818003105503,-0.0,0.9901964424607894,2.389835105275822
1420,0.06769687989842738,0.013937940034647515,0.04760062597730158,-0.998561395340714,0.0,-0.053620329495500184,0.36295761761500966
1421,0.011420913874128729,-0.0004654908772998003,0.13272832831998715,-0.6137095603973995,0.0,0.7895318710963038,1.2406614888075524
1422,0.06554767738483719,0.0025708680354679363,0.17202133396055724,-0.9152996639852747,0.0,0.4027735407253597,0.6234255583871552
1423,0.027328247055554835,0.015864915613874746,0.1946756804116046,0.002830109636123213,0.0,-0.9999959952317047,1.311880018177436
1424,0.07239985242917926,0.01457983196182183,0.12012948216269738,0.9405052901639461,0.0,-0.3397790446358215,1.7349992490163464
1425,0.005877025917236536,-0.014319131498544975,0.023412513549085735,-0.6831901677575414,0.0,-0.7302405046828219,0.4091331774509678
1426,0.01165450768549251,-0.014115646188593803,0.13315804781758947,0.4063872012256466,0.0,-0.9137009591107945,0.8037142656029439
1427,0.014983405140900824,-0.02582778130826155,0.10137724862466771,-0.9985646003212786,0.0,-0.053560610388652674,1.3720180865995764
1428,0.013200128684313616,6.716243520756593e-05,0.1080561736777289,0.533047502160788,0.0,-0.846085315107256,2.603068692496933
1429,0.054325475329379355,0.007933201902863394,0.10603902350298934,0.8688307084992968,-0.0,0.49510928083465583,1.4351222770492142
1430,0.061878200672461844,-0.006397928341301132,0.08820761794724642,-0.9923801207714803,0.0,-0.12321402476009793,1.8953259872139667
1431,0.02203635779554678,-0.022320335877840596,0.1688273135311799,-0.5869804762521466,0.0,-0.809601087263847,2.651935630908388
1432,0.06045801102484555,-0.014778963393619084,0.09945003692625311,-0.8063408825888435,0.0,-0.591451080873004,1.4541534413016417
1433,0.08271175517432024,-0.00586932164811468,0.012268770835300593,-0.145105480443853,0.0,0.9894161912689516,2.1586811667607795
1434,0.01990882702992395,-0.004407957774402012,0.08987292260521969,0.3364861916507254,0.0,-0.9416884000710593,1.020722552145635
1435,0.016601131256116317,-0.024436344072224357,0.09604335182160201,-0.9540311789942583,0.0,0.2997073731272315,1.5284849072795894
1436,0.09920266640451202,-0.004422388733784437,0.016193750940031962,0.46297965106635963,-0.0,0.8863689089191203,0.6316145172063713
1437,0.015101969547469098,0.024438073797250326,0.14468867624515208,-0.08370921313830007,0.0,0.9964902245560499,1.8096043224939657
1438,0.009110296355425849,-0.012996546708029886,0.07057744488399847,0.996623407905135,0.0,-0.08210836020500449,1.7571590085613649
1439,0.06927801746983121,0.022328251870590735,0.045631280933835575,0.9999734104972183,-0.0,0.007292345203127937,2.8405582054523464
1440,0.019671986261683577,0.0027593226904890317,0.15313023833404807,-0.2624086219115205,0.0,-0.9649568462612702,1.9205355514084075
1441,0.016709313126939403,-0.0026226127179702434,0.1350603404882216,0.3865680411883653,-0.0,0.9222608901670885,1.0637590533319217
1442,0.060870568549378175,-0.0007115401955829745,0.09523975272360766,-0.9925561927570425,0.0,-0.12178753720986617,1.4902801026508512
1443,0.05719679408634124,-0.0244843918632694,0.12478895251246319,-0.023768079780398382,0.0,-0.9997174992884502,2.103591447272671
1444,0.05029620614319391,0.017060374648645127,0.010886759993722041,-0.42928107140047983,0.0,-0.9031709482358564,1.5020207565013557
1445,0.012865735677436221,-0.01907397115234284,0.13416060692794538,0.898399610522787,-0.0,0.4391789382615073,0.5376186617319166
1446,0.04716005125454339,0.015166295446451155,0.1526497185510572,-0.01360627665060228,0.0,0.9999074303332821,1.995299251264473
1447,0.0636452866557598,0.01360434044135844,0.16060114891732596,-0.12333490898818042,0.0,-0.9923651042962349,1.680137055039925
1448,0.04354671139244208,0.0036762914564524994,0.010229599483175247,0.20051680081009884,-0.0,0.9796902636001253,0.6485456154625988
1449,0.03303872721489525,-0.011461724743780977,0.11227965339408272,0.9665513049589622,0.0,-0.2564733414648139,1.3467936494861756
1450,0.05585121920227682,0.01983424697683831,0.05480754286834313,-0.5007868741788363,0.0,0.8655706248771329,1.498816683674934
1451,0.033273922946365726,0.02384877921384377,0.16044473446624016,-0.9999134992149106,0.0,-0.013152721687656126,2.3699858890744436
1452,0.031089780975685682,0.0023500331261952405,0.06620609315667476,0.9140964054459829,-0.0,0.4054969316169154,1.9580138388082924
1453,0.05189168707666406,-0.004762028690407699,0.13989731351766538,-0.7669561093463572,0.0,0.6416995608041965,2.0907318484578012
1454,0.04305270411252404,0.0042587410369900255,0.164762515917601,-0.923036619629911,0.0,-0.3847120986168578,2.251676297647545
1455,0.01272850363685126,-0.00026699780166397776,0.019213267037068264,0.9998320846238041,0.0,-0.018324916284067547,1.187376834440768
1456,0.012114795899582679,0.009199621892768689,0.15041993868042317,-0.9823816595214253,0.0,0.18688572721299637,0.49008959448734757
1457,0.05147613223365984,0.020087496565981806,0.033625314977844864,0.4212059645623495,0.0,-0.9069650133368435,1.274527245099692
1458,0.018206727859596275,0.003993233964836714,0.021396054017802132,0.7226238640726349,0.0,-0.6912414564193428,0.8343030788945573
1459,0.07809147349252045,0.01557562732526953,0.07370303106306733,0.9069629288129369,-0.0,0.42121045305056165,1.9368622234571693
1460,0.03780303512131476,0.021836859433036048,0.03228477825393366,-0.029143315515112768,0.0,-0.9995752433712966,0.36815546577230895
1461,0.1129173519561344,0.011635853934918929,0.004633976194876882,0.4240221082557186,0.0,-0.9056518380207571,2.2535963818241616
1462,0.0336549284245502,-0.001709851638601978,0.10245401729850705,-0.040190717679904994,0.0,0.9991920266957569,1.0252905483718286
1463,0.07382110416611494,0.001976081903775062,0.09386610437283538,0.04805582760574315,-0.0,0.9988446513012558,2.9093883518862964
1464,0.06655389365959859,0.016055078784158378,0.0746881819074497,-0.4504390233399081,0.0,-0.8928071943329029,1.8872610103660141
1465,0.03254948833640128,0.0265869232517137,0.18320254885065718,0.9593164403899412,-0.0,0.2823330784686278,1.2014103465026702
1466,0.03948857029267985,-0.013723602054056868,0.03622202147818972,0.9939394153477811,0.0,-0.10992924368934445,0.8145383183476831
1467,0.03265590247886182,0.01777768451837935,0.009389425277108426,-0.9241058851288805,0.0,0.3821365110404506,1.3803486377654406
1468,0.047840118298476696,-0.006133693041640807,0.16696280551350176,0.2635759160624518,0.0,-0.9646386559079204,1.74891860742481
1469,0.02658582286485992,0.007851130572929075,0.19411568593271775,0.13333793888931933,-0.0,0.9910706302038963,2.10179422511011
1470,0.05006015480162822,-0.0007333163480992865,0.17213316844929727,0.9994764678050705,-0.0,0.03235413889906553,2.0281995037078717
1471,0.027650340176314712,-0.0245127389746392,0.1445588396922629,-0.6192903458323531,0.0,-0.7851620645184307,1.4190223188818725
1472,0.04454006677191482,0.014101073097335473,0.0898961354157511,-0.08298321159254868,0.0,0.9965509453077582,2.320497400144084
1473,0.057296619214351585,0.022054496159901904,0.038534642744593346,-0.24538817306794553,0.0,-0.9694249040118456,1.5190581597417059
1474,0.061157475458292684,-0.020174882003640166,0.11202439405617116,-0.792221079395341,0.0,0.6102341856711083,1.6473553897570545
1475,0.041303231615886685,-0.016774575520754433,0.11375518756052587,0.2739957763000587,0.0,-0.9617308950895401,0.5466998516271215
1476,0.1175613369641612,-0.017004916354568057,0.006487323876472244,0.9184538318592902,0.0,-0.395528202209383,0.8319686665761779
1477,0.07515852733803353,-0.005476147728514676,0.1924748961364848,-0.9988235761944252,0.0,-0.048491892499460336,2.3664063173716046
1478,0.01013078058338319,0.014327723125723474,0.12881283995267137,0.5686022559045705,0.0,-0.8226125908228207,1.7646272208662783
1479,0.04802143471125532,0.010332547108554255,0.06364385687214237,-0.23149648030790596,0.0,-0.9728357413279239,2.1045310598579308
1480,0.017033060351606313,0.022374108892408415,0.19118101170051235,0.6825845003319252,0.0,-0.7308066775191755,1.7137754444947109
1481,0.08001411520475228,-0.010968284007320537,0.08403830335898059,0.5017907392796955,-0.0,0.8649890484700581,0.07810180366192947
1482,0.07737217960811385,0.017308995254053876,0.05753523008990658,0.9851581006351101,0.0,-0.17164940067772555,0.9628551821972205
1483,0.006351037032868061,-0.01936757082616185,0.18287267518417855,0.6010322606296893,0.0,-0.7992247629311577,2.4268779173847586
1484,0.01964241307882078,0.013881605146186294,0.13709679621423876,-0.45488772456638066,0.0,0.8905487959897653,0.831591245428351
1485,0.04953408965505482,-0.01756700465678342,0.007043772998578265,0.9234994524240674,-0.0,0.38359974110060036,0.9706336712550986
1486,0.012187131008544726,-0.010558659293305487,0.1839731244855023,0.8154492186966841,-0.0,0.578828620341952,1.9867531682417843
1487,0.019921830131795163,-0.007540042227150015,0.008489206957655164,-0.6530589962487269,0.0,0.7573070364248609,2.4013790501184005
1488,0.024651399758822683,0.011953297320322203,0.09021984150136285,0.2938533686725852,0.0,-0.9558505101320884,0.7675380029499101
1489,0.04785459674077071,-0.0017290106729673405,0.1301378930874754,0.9999281868528704,-0.0,0.011984203650263292,1.6436653501442455
1490,0.0258791561849355,0.005443391920048542,0.02291406121853205,0.9886704498687373,-0.0,0.15010243687678335,2.337523034229792
1491,0.07474529124206589,0.014168106060551945,0.17051275358752638,-0.8225281139102014,0.0,0.5687244515820703,0.5755309171026409
1492,0.06663870043814943,-0.01880375396490291,0.11662438112633872,-0.311761875016628,0.0,0.9501602671581866,1.4487522281580922
1493,0.059544167199162834,0.020912270827761644,0.03797783693192675,0.9610321822912379,0.0,-0.27643651097592165,0.6071988133389136
1494,0.027867095341387368,-0.016866608298187587,0.1299925674356786,-0.2814408800697027,0.0,-0.9595785694905817,1.9703087662647625
1495,0.04891056376376914,0.020081787340329664,0.017028209934220898,-0.9990111122359704,0.0,0.04446119239347547,0.8887742542898325
1496,0.031082786120306762,-0.00367627795299745,0.15356677811977323,-0.19710442479761608,0.0,0.980382499703662,0.9885049775316979
1497,0.006673834809365541,-0.018257028331032772,0.15681884177982156,0.9943078293854043,0.0,-0.10654548522995166,2.304036345386395
1498,0.07931664394547637,0.01353780287269897,0.11517137028312904,0.8006049470347616,-0.0,0.5991925556809484,0.5084251167022469
1499,0.06941846616893498,-0.015036715250388964,0.07298247770728244,-0.35266447465352485,0.0,-0.9357498428091523,1.9285353250530677
1500,0.04598566698435275,-0.017099901548376588,0.024126583693853253,0.4498065372633125,0.0,-0.8931260152045669,1.4756627085466967
1501,0.062318510734499996,-0.011805501654501721,0.16342080426006042,-0.7718725122174874,0.0,0.6357773390763978,1.6825202325149047
1502,0.024258041981189526,-0.013443130385042457,0.03508516047555715,-0.8544869882533505,0.0,-0.5194727970796148,0.32615508659302866
1503,0.03338125843368925,0.012235067845901296,0.06902973739932794,0.9001391813922003,0.0,-0.435602403715337,1.6982440340003069
1504,0.03271912082354208,-0.0005709617910324576,0.06808654806242742,-0.9997331962463579,0.0,0.023098405205583216,2.075370290161199
1505,0.048815585917730955,0.022422470635955313,0.022996233479733497,-0.999908932614164,0.0,-0.013495424350620696,1.7347067765016186
1506,0.060831715736209095,0.01764363059535253,0.06540000604712672,0.9813188828323469,0.0,-0.1923882797799143,2.2506733164590624
1507,0.04005644167041468,-0.007246351697875909,0.1282097899513641,-0.25810654478828643,0.0,0.9661164585791158,1.9501174136172879
1508,0.019858396777114137,0.020912332503649753,0.1439791693018076,0.02879529824411528,0.0,-0.9995853294236727,2.4131965760897076
1509,0.021267068942213464,0.016434560078078125,0.17792776273971392,-0.7579401785893368,0.0,0.6523240649247611,2.47051786733058
1510,0.05839870817111588,0.020010460884952962,0.08687413409297699,-0.9681471658486931,0.0,0.2503818389163706,2.378493506117939
1511,0.033107406446739165,-0.022205086774923735,0.1531571174399621,0.3905296039485819,-0.0,0.9205903695128271,2.384270913769905
1512,0.06704762823353448,-0.004951683673639607,0.16251374666922516,0.9180162152461311,-0.0,0.3965428457873995,2.4289701190725395
1513,0.04305019568783592,0.004482442042693581,0.09710141323455801,-0.6330245633876105,0.0,-0.7741317085276415,2.473986238991796
1514,0.006973863609694332,-0.004803307247213721,0.10418854965818711,-0.8157420367899089,0.0,0.5784158792891588,0.6757074204102492
1515,0.012090711261508595,0.01231722520768987,0.10684300565523965,-0.35008090282863297,0.0,0.9367194678636124,2.0189313523599064
1516,0.04066597742295844,0.017111672048589606,0.02960603426296278,0.6318727978072811,-0.0,0.7750721046400773,1.7108212682091346
1517,0.02188019483487081,-0.005549078497711031,0.18420081052292078,0.9174242995293892,-0.0,0.3979103600473473,1.079306124500944
1518,0.07035815079770132,-0.013098776989323699,0.1619359784014438,0.1367344427034158,-0.0,0.9906077388041071,2.9179095983578347
1519,0.06007619398938691,0.016892446576812565,0.14529272279878394,-0.14492780473235897,0.0,0.9894422324802289,0.7742282157903493
1520,0.06770906407440294,0.006037201289181376,0.09823909991925434,-0.020396639889568215,0.0,-0.9997919669017227,0.8197968905790924
1521,0.015350218993192511,-0.011228790220194577,0.1585113566025794,0.7146231312891472,0.0,-0.6995096712887494,1.624188814909066
1522,0.04853629252123391,-0.0003023272439047586,0.07445074519750472,-0.6748516673820049,0.0,0.7379534043770839,2.1501901488907973
1523,0.07564630481859345,0.012601822400933512,0.06811122802802887,-0.7516983000785631,0.0,0.6595071384443072,1.8755939415733334
1524,0.02125848067100197,-0.0002984747291582763,0.1269980136425936,0.8978467607974876,-0.0,0.4403080672954552,1.6857194214385574
1525,0.11933955777742639,-0.012783871203047031,0.013246988197420713,0.9491757820518391,-0.0,0.31474646108618887,2.3254112722921096
1526,0.09045196924077685,0.0224550041688265,0.009940176924813117,-0.8859482326667183,0.0,-0.4637841405597204,0.7008406442196008
1527,0.056709163790287585,-0.009609097438187096,0.0568083353718798,-0.11815761908456875,0.0,-0.9929948524802462,1.5245063002508743
1528,0.0699167057143709,0.014051570851642872,0.07608962697132923,0.9500151262405627,-0.0,0.3122038755591089,2.5225319135357975
1529,0.06821847906327495,0.005096711456634809,0.19258905332634296,0.7853410278198453,-0.0,0.6190633812646885,2.025376742056699
1530,0.03632199104833245,-0.0012111849262265285,0.02508323528846896,-0.9413820766356146,0.0,-0.33734223837109073,1.589430365561076
1531,0.062005065128496545,-0.013903888997599293,0.07593977357969606,0.9024140323276746,0.0,-0.43086995051651805,0.6206892128376291
1532,0.02786945061253957,-0.0025394022255897,0.09926459914132837,0.8836221956820818,-0.0,0.46820061437163524,1.8232939466789015
1533,0.06567019874048115,0.022883572239087012,0.008569576849349354,-0.7618192897246188,0.0,0.6477896030374966,2.767562455764958
1534,0.03456436109767063,-0.000711842612976931,0.0039052526136269567,0.023748610541685818,-0.0,0.9997179619759462,1.3569095226174683
1535,0.04657090456581665,-0.006933232133936783,0.0986724131821476,-0.36440896189951094,0.0,0.9312390179150146,1.8037835228647048
1536,0.07420643390023543,-0.00854061377415281,0.02378162282115661,-0.8515111084499611,0.0,-0.5243365638464654,2.074126529651158
1537,0.009430996072209482,0.009188722253553541,0.10321464238396634,-0.9901680451080319,0.0,0.13988295981619228,1.929596519741661
1538,0.020736419501273397,-0.021703349227780815,0.1669740791321763,0.7622286560874819,-0.0,0.6473078678952321,1.1937957894123732
1539,0.003539608896339204,0.004551343461354092,0.10653465661334682,-0.9900915734944707,0.0,0.14042320354999427,0.8216924028980105
1540,0.05922339284824007,0.0247788317546145,0.08902708239333958,0.3458864330549969,-0.0,0.9382763854155615,1.2283167675287596
1541,0.05149609364298496,-0.010656832227958674,0.08451000357135564,-0.9491567396379963,0.0,0.3148038811701165,1.908880260965328
1542,0.027941704531635622,0.014550701603046513,0.047746058870573725,-0.8599353035614793,0.0,0.5104030502344463,1.2626829777347641
1543,0.06975321960093303,0.01368402574176283,0.1756436419954036,-0.8040847322298658,0.0,-0.5945147125133449,1.036176330886668
1544,0.008408457899742799,0.011831877416837874,0.08297812863925612,0.19961885352573197,0.0,-0.9798736210946146,1.599167052115478
1545,0.015279135060035264,0.022535421821665687,0.06202876840299471,0.5301520974449498,-0.0,0.84790256136818,1.7480727631729962
1546,0.06681315282632633,-0.012904904737286612,0.06032973153877473,0.8871710406429756,-0.0,0.46144072711937745,1.8890366528044031
1547,0.1054068169024227,-0.0050540641029706655,0.009646428166647824,-0.7439412450435618,0.0,-0.6682450328457632,1.222379883164971
1548,0.05362610128695431,-0.018456769522037505,0.14668768141307573,0.21646117860191608,0.0,-0.9762912260991949,1.255259637543646
1549,0.06484711820681505,0.024927723577420503,0.14761957189583466,0.9067399324971248,0.0,-0.4216902830456373,1.118450918430218
1550,0.011866349275994928,-0.01942319078859012,0.0551733659323994,-0.999960639477179,0.0,-0.008872400824544541,1.3701552526654184
1551,0.035894852366843505,-0.018834216807246826,0.13084647278205824,-0.023067282126404638,0.0,0.9997339148469961,1.9030632612674854
1552,0.05064056012116512,0.02027583431589603,0.15722691244235504,0.8515675979647773,0.0,-0.5242448150401674,2.1126959981054627
1553,0.06479687722486656,-0.0020428124633237823,0.07172209198238864,-0.9687905416468541,0.0,0.24788079073537547,1.1168946565889692
1554,0.10867165017538,0.005398970045057873,0.01141117535733446,-0.9309765107347219,0.0,0.3650790824741977,1.0347754053263793
1555,0.011451696204622793,-0.006196041014981456,0.09048872154798314,-0.9998893443119053,0.0,-0.014876126226549616,2.598987096012029
1556,0.11714782959932868,0.003564856087390857,0.009836527415137972,0.6456449785154971,0.0,-0.7636377162750171,1.9386143155093314
1557,0.034401679416487356,0.02542091821445428,0.15999671386256542,-0.06884293137773949,0.0,0.9976275110477456,1.953851991581107
1558,0.05614084335752128,-0.004683236918902236,0.12711630608042462,-0.9737012737699511,0.0,0.2278285088806372,1.4255220740899208
1559,0.050134344539180524,0.0018317725152462222,0.019295818029644293,-0.26199054102369185,0.0,-0.9650704411669198,1.4877433340799922
1560,0.04157420339506836,-0.01796014524860985,0.17418361175509053,0.8979962488373183,-0.0,0.44000311030048983,1.4532189995653477
1561,0.054302366978740996,-0.023077219934068232,0.08778809706124724,0.9440641738017578,-0.0,0.32976178636101033,0.9689258070807895
1562,0.0176625974239061,-0.02475115766098864,0.1570536250793679,-0.4683167872139292,0.0,-0.8835606299590444,1.5281445602629664
1563,0.03745230471309918,-0.02261775177606939,0.11256148138063933,0.7758978061535085,0.0,-0.6308586168121764,2.5238609438451864
1564,0.03826260588185763,0.0026334502081456577,0.1053553263766236,0.35557522538489444,-0.0,0.9346476657502985,1.925730111040763
1565,0.022534583247054374,0.018346420084527613,0.10702290213947102,-0.25469399608672283,0.0,0.9670217000447179,2.6727770431464832
1566,0.07145593199741085,0.002351050157903979,0.17716927690551013,-0.18096779226490553,0.0,-0.9834890228989676,1.8662208334609423
1567,0.02080977090039217,0.017763010972180505,0.06941177231142157,-0.13798306688894282,0.0,0.990434588073297,0.931216742071931
1568,0.05781979539683976,-0.008699060858313118,0.18011497461726195,0.5690664183897227,-0.0,0.8222915611029296,1.8212873525199
1569,0.03024529196746881,-0.007752974585383,0.180798519283848,-0.005471527202751927,0.0,-0.9999850310830005,2.044318535470239
1570,0.010856291984846313,-0.003425422214013596,0.06080573563328588,-0.8308325996138518,0.0,0.5565224087302226,1.4997572092275813
1571,0.07445803481677271,-0.007957580838794769,0.053802716681355216,-0.4143537404649751,0.0,-0.9101159144651214,1.3451936315247937
1572,0.007427004884931182,0.022499343396055048,0.13701823315040298,-0.21892502978771383,0.0,0.9757416826867901,2.369233340649886
1573,0.07691082468431838,-0.023093667130185992,0.18387336508451732,-0.9795213013509895,0.0,-0.2013405577613812,2.177752308452994
1574,0.026466369102293306,-0.022583484354037914,0.12190460789172498,0.8639933484571519,-0.0,0.5035032212625837,1.5024408563480072
1575,0.12119871980714834,-0.0030415299170429588,0.008324551272370608,0.953259882873207,-0.0,0.3021516104616353,2.0095525120835114
1576,0.05033930386173792,0.013805219599951584,0.031100024948695956,-0.997317347181674,0.0,0.07319910525756708,1.178562067984097
1577,0.05351729241489453,0.010917480246980214,0.04265921302471773,0.09269971461406622,-0.0,0.9956941111156934,2.403145414936927
1578,0.03907992246413875,0.019768745932030176,0.05519324077684864,0.4871089277354435,-0.0,0.8733412234175291,1.5287145097458004
1579,0.0345322276674562,0.020826503998020936,0.15925232445146337,0.44471873440353965,0.0,-0.8956702782109687,1.570255252883444
1580,0.03361308505038321,0.015329500201000996,0.05255848339910925,0.9504883028589679,0.0,-0.31076033551320364,2.0747715734612275
1581,0.05294963405029876,0.0001280661710862736,0.015368602714431679,-0.07461628236001504,0.0,-0.9972123196224415,2.5352115828827317
1582,0.02790210134827399,0.004392139129149655,0.050749657499411065,0.494310839641501,-0.0,0.8692852200589368,1.270848208697725
1583,0.0677574620382574,0.00715034544193899,0.18949643084420736,-0.3852868107082549,0.0,0.9227968755334305,0.4438962146572479
1584,0.020217711268696602,0.01684670023393727,0.19102393696479927,-0.7719833633097407,0.0,0.6356427351688848,0.8879689597902998
1585,0.06154809720966273,-0.01696468639680224,0.09481654271789464,0.15290706959911374,-0.0,0.9882405719593846,2.086657281373946
1586,0.0129298012452948,0.019584224131837524,0.04435728810982011,-0.5827380479690429,0.0,-0.8126600565114724,0.5698622767593349
1587,0.05257605334588006,0.003487387337984113,0.17260860363693756,-0.3827314291125391,0.0,-0.9238596501468572,1.6701044556668239
1588,0.06928613655034668,0.013533868327672076,0.046220182811091845,-0.2549593654613897,0.0,0.9669517681681571,1.8271266928220526
1589,0.04974611494282304,-0.025374234414642427,0.08764550718722114,0.25466257625643063,0.0,-0.9670299748479556,1.6328716554823437
1590,0.022859082975884813,-0.013279643995632284,0.038540215521055035,-0.20966559173558824,0.0,0.9777731534676976,2.1858389518095698
1591,0.06794259898053086,-0.01926962151848625,0.06297421352149254,0.9008428267220561,-0.0,0.43414536913736124,1.6330815839975334
1592,0.05644412574345693,0.006308035261397474,0.1586302190391592,0.5055199401683079,-0.0,0.8628149222702575,1.736520696423891
1593,0.062491407616319876,-0.020156925229787903,0.05493359902943953,0.5658997412427376,0.0,-0.8244740643958443,2.7104211354368695
1594,0.06285160934509461,-0.01571885110028291,0.008614509343004981,0.2007456616536775,-0.0,0.9796433939588564,2.5722413957292862
1595,0.018706987692068352,-0.0035551875774686233,0.05060071319312055,-0.9597733686158736,0.0,0.2807758552577813,0.8269545221520562
1596,0.014614802220901522,-0.02694023718540112,0.004605723006813447,0.03989920517572601,0.0,-0.999203709674031,1.4622737664794452
1597,0.0307754849531912,0.0014985948501911694,0.0873026154682504,-0.9999991457711803,0.0,-0.0013070795344906163,0.5431480440351915
1598,0.03457499958448439,-0.0019437912328158567,0.11722476134201143,-0.10368142402839133,0.0,-0.9946105581138002,1.1133458337402484
1599,0.05968749504056228,0.002836316816070557,0.044832264457393266,-0.9436926954421271,0.0,-0.33082336158314607,1.2439856437772974
1600,0.04901301335777742,-0.0019011914539842848,0.19504341667729755,-0.4847707865686451,0.0,-0.8746412318714555,2.1572898668276608
